Workbook

Sheet campaigns-2025-11-21
A1: Name | B1: Name Fixe | C1: Group | D1: Status | E1: ID | F1: Ad Format | G1: Impressions | H1: Clicks | I1: eCPM | J1: Cost | K1: CTR | L1: eCPC | M1: 8aeba7b41c36e0642d3ca7ba44ca9509 - Cnvs. | N1: 8aeba7b41c36e0642d3ca7ba44ca9509 - eCPA | O1: Bidder | P1: Max Daily Budget
A2: CPA - RT TEST - Gay - Video-IS Xvideos - Mobile - USA | B2: {=INDEX(_xlfn.TEXTSPLIT(A2," - "),2)} -> RT TEST | C2: 1c. Scaling - Gay | D2: Running | E2: 7958994 | F2: Video (Video) | G2: 0 | H2: 51 | I2: 0.89318285 | J2: 5.5020063 | K2: 0.82792208 | L2: 0.10788248 | M2: 0 | N2: - | O2: null | P2: Unlimited
A3: CPA - bdsm - Video-IS Xvideos - Android Generic - Other Countries | B3: {=INDEX(_xlfn.TEXTSPLIT(A3," - "),2)} -> bdsm | C3: a99. Archived | D3: Paused | E3: 7791688 | F3: Video (Video) | G3: 0 | H3: 3564 | I3: 0.51149705 | J3: 320.91785 | K3: 0.56805051 | L3: 0.090044291 | M3: 0 | N3: - | O3: null | P3: Unlimited
A4: CPA - bdsm - Video-IS Xvideos - iOS - US | B4: {=INDEX(_xlfn.TEXTSPLIT(A4," - "),2)} -> bdsm | C4: a99. Archived | D4: Paused | E4: 7791640 | F4: Video (Video) | G4: 0 | H4: 118 | I4: 1 | J4: 61.641 | K4: 0.19143103 | L4: 0.52238136 | M4: 0 | N4: - | O4: null | P4: Unlimited
A5: CPA - Disney - Video-IS Xvideos - Android Other - Other Countries | B5: {=INDEX(_xlfn.TEXTSPLIT(A5," - "),2)} -> Disney | C5: 1d. Oceangate | D5: Running | E5: 7791500 | F5: Video (Video) | G5: 0 | H5: 710 | I5: 0.39931736 | J5: 25.862587 | K5: 1.0962373 | L5: 0.036426179 | M5: 0 | N5: - | O5: null | P5: Unlimited
A6: CPA - Disney - Video-IS Xvideos - Android Generic - CA | B6: {=INDEX(_xlfn.TEXTSPLIT(A6," - "),2)} -> Disney | C6: a99. Archived | D6: Paused | E6: 7791474 | F6: Video (Video) | G6: 0 | H6: 320 | I6: 1 | J6: 73.878 | K6: 0.43314654 | L6: 0.23086875 | M6: 0 | N6: - | O6: null | P6: Unlimited
A7: CPA - Disney - Video-IS Xvideos - iOS - US | B7: {=INDEX(_xlfn.TEXTSPLIT(A7," - "),2)} -> Disney | C7: a99. Archived | D7: Paused | E7: 7791454 | F7: Video (Video) | G7: 0 | H7: 250 | I7: 1 | J7: 109.266 | K7: 0.22879944 | L7: 0.437064 | M7: 0 | N7: - | O7: null | P7: Unlimited
A8: CPA - squirt - Video-IS Xvideos - Android Other - Other Countries | B8: {=INDEX(_xlfn.TEXTSPLIT(A8," - "),2)} -> squirt | C8: a99. Archived | D8: Paused | E8: 7791440 | F8: Video (Video) | G8: 0 | H8: 3303 | I8: 0.49228598 | J8: 144.63608 | K8: 1.124215 | L8: 0.043789307 | M8: 0 | N8: - | O8: null | P8: Unlimited
A9: CPA - squirt - Video-IS Xvideos - iOS - AU | B9: {=INDEX(_xlfn.TEXTSPLIT(A9," - "),2)} -> squirt | C9: 1d. Oceangate | D9: Running | E9: 7791418 | F9: Video (Video) | G9: 0 | H9: 9 | I9: 1 | J9: 2.954 | K9: 0.30467163 | L9: 0.32822222 | M9: 0 | N9: - | O9: null | P9: Unlimited
A10: CPA - hairy - Video-IS Xvideos - Android Generic - Other Countries | B10: {=INDEX(_xlfn.TEXTSPLIT(A10," - "),2)} -> hairy | C10: a99. Archived | D10: Paused | E10: 7791308 | F10: Video (Video) | G10: 0 | H10: 8824 | I10: 0.48581268 | J10: 708.28234 | K10: 0.60524043 | L10: 0.080267717 | M10: 0 | N10: - | O10: null | P10: Unlimited
A11: CPA - hairy - Video-IS Xvideos - Windows 10 - Other Countries | B11: {=INDEX(_xlfn.TEXTSPLIT(A11," - "),2)} -> hairy | C11: a99. Archived | D11: Paused | E11: 7791302 | F11: Video (Video) | G11: 0 | H11: 606 | I11: 0.44137586 | J11: 61.103633 | K11: 0.43773792 | L11: 0.10083108 | M11: 0 | N11: - | O11: null | P11: Unlimited
A12: CPA - hairy - Video-IS Xvideos - iOS - CA | B12: {=INDEX(_xlfn.TEXTSPLIT(A12," - "),2)} -> hairy | C12: 1d. Oceangate | D12: Running | E12: 7791274 | F12: Video (Video) | G12: 0 | H12: 70 | I12: 1 | J12: 31.225 | K12: 0.22417934 | L12: 0.44607143 | M12: 0 | N12: - | O12: null | P12: Unlimited
A13: CPA - Category: Asian - Video-IS Xvideos - Android Other - Other Countries | B13: {=INDEX(_xlfn.TEXTSPLIT(A13," - "),2)} -> Category: Asian | C13: a99. Archived | D13: Paused | E13: 7791246 | F13: Video (Video) | G13: 0 | H13: 3024 | I13: 0.5383728 | J13: 130.92042 | K13: 1.2435335 | L13: 0.04329379 | M13: 0 | N13: - | O13: null | P13: Unlimited
... A104: CPA - Category: Latina - Video-IS Xvideos - MacOS - UK | B104: {=INDEX(_xlfn.TEXTSPLIT(A104," - "),2)} -> Category: Latina | C104: 1d. Oceangate | D104: Running | E104: 7762268 | F104: Video (Video) | G104: 0 | H104: 3 | I104: 1 | J104: 0.976 | K104: 0.30737705 | L104: 0.32533333 | M104: 0 | N104: - | O104: null | P104: Unlimited
A105: CPA - moana - Video-IS Xvideos - iOS - USA | B105: {=INDEX(_xlfn.TEXTSPLIT(A105," - "),2)} -> moana | C105: a99. Archived | D105: Paused | E105: 7745056 | F105: Video (Video) | G105: 0 | H105: 178 | I105: 1.8132093 | J105: 100.00393 | K105: 0.32273856 | L105: 0.56181984 | M105: 0 | N105: - | O105: null | P105: 50
A106: CPA - elsa - Video-IS Xvideos - iOS - USA | B106: {=INDEX(_xlfn.TEXTSPLIT(A106," - "),2)} -> elsa | C106: 1b. Launch | D106: Running | E106: 7745024 | F106: Video (Video) | G106: 0 | H106: 41 | I106: 1.4744382 | J106: 31.858186 | K106: 0.18975332 | L106: 0.77702893 | M106: 0 | N106: - | O106: null | P106: 50
A107: CPA - neko - Video-IS Xvideos - iOS - USA | B107: {=INDEX(_xlfn.TEXTSPLIT(A107," - "),2)} -> neko | C107: 1b. Launch | D107: Running | E107: 7744850 | F107: Video (Video) | G107: 0 | H107: 3 | I107: 1.5670629 | J107: 1.4746062 | K107: 0.31880978 | L107: 0.49153539 | M107: 0 | N107: - | O107: null | P107: 50
A108: CPA - saber - Video-IS Xvideos - iOS - USA | B108: {=INDEX(_xlfn.TEXTSPLIT(A108," - "),2)} -> saber | C108: a99. Archived | D108: Paused | E108: 7744704 | F108: Video (Video) | G108: 0 | H108: 147 | I108: 1.8314447 | J108: 100.00604 | K108: 0.26920612 | L108: 0.68031318 | M108: 0 | N108: - | O108: null | P108: 50
A109: CPA - link - Video-IS Xvideos - iOS - USA | B109: {=INDEX(_xlfn.TEXTSPLIT(A109," - "),2)} -> link | C109: a99. Archived | D109: Paused | E109: 7744634 | F109: Video (Video) | G109: 0 | H109: 227 | I109: 1.7401445 | J109: 100.01654 | K109: 0.39494746 | L109: 0.44060152 | M109: 0 | N109: - | O109: null | P109: 50
A110: CPA - zelda - Video-IS Xvideos - iOS - USA | B110: {=INDEX(_xlfn.TEXTSPLIT(A110," - "),2)} -> zelda | C110: 1b. Launch | D110: Running | E110: 7744624 | F110: Video (Video) | G110: 0 | H110: 5 | I110: 1.6023453 | J110: 0.88769928 | K110: 0.90252708 | L110: 0.17753986 | M110: 0 | N110: - | O110: null | P110: 50
A111: CPA - jinx - Video-IS Xvideos - iOS - USA | B111: {=INDEX(_xlfn.TEXTSPLIT(A111," - "),2)} -> jinx | C111: 1b. Launch | D111: Running | E111: 7744612 | F111: Video (Video) | G111: 0 | H111: 0 | I111: 1.6642984 | J111: 2.236817 | K111: 0 | L111: 0 | M111: 0 | N111: - | O111: null | P111: 50
A112: CPA - overwatch - Video-IS Xvideos - iOS - USA | B112: {=INDEX(_xlfn.TEXTSPLIT(A112," - "),2)} -> overwatch | C112: 1b. Launch | D112: Running | E112: 7744578 | F112: Video (Video) | G112: 0 | H112: 3 | I112: 1.620945 | J112: 0.99363927 | K112: 0.48939641 | L112: 0.33121309 | M112: 0 | N112: - | O112: null | P112: 50
A113: CPA - bleach - Video-IS Xvideos - iOS - USA | B113: {=INDEX(_xlfn.TEXTSPLIT(A113," - "),2)} -> bleach | C113: a99. Archived | D113: Paused | E113: 7744412 | F113: Video (Video) | G113: 0 | H113: 209 | I113: 1.6769681 | J113: 100.01102 | K113: 0.3504477 | L113: 0.47852165 | M113: 0 | N113: - | O113: null | P113: 50
A114: CPA - nami - Video-IS Xvideos - iOS - USA | B114: {=INDEX(_xlfn.TEXTSPLIT(A114," - "),2)} -> nami | C114: a99. Archived | D114: Paused | E114: 7744278 | F114: Video (Video) | G114: 0 | H114: 179 | I114: 1.6946905 | J114: 100.0308 | K114: 0.30325619 | L114: 0.55883131 | M114: 0 | N114: - | O114: null | P114: 50
A115: CPA - mummy - Video-IS Xvideos - iOS - USA | B115: {=INDEX(_xlfn.TEXTSPLIT(A115," - "),2)} -> mummy | C115: 1b. Launch | D115: Running | E115: 7744166 | F115: Video (Video) | G115: 0 | H115: 24 | I115: 1.3947063 | J115: 8.2357408 | K115: 0.40643522 | L115: 0.34315587 | M115: 0 | N115: - | O115: null | P115: 50
A116: CPA - zombie - Video-IS Xvideos - iOS - USA | B116: {=INDEX(_xlfn.TEXTSPLIT(A116," - "),2)} -> zombie | C116: 1b. Launch | D116: Running | E116: 7744156 | F116: Video (Video) | G116: 0 | H116: 3 | I116: 1.5945381 | J116: 1.4398679 | K116: 0.33222591 | L116: 0.47995596 | M116: 0 | N116: - | O116: null | P116: 50
... A218: [BASE] CPA - General - Video-IS Xvideos - [Device] - [Region] | B218: {=INDEX(_xlfn.TEXTSPLIT(A218," - "),2)} -> General | C218: 0. Base Campaigns | D218: Paused | E218: 7716844 | F218: Video (Video) | G218: 0 | H218: 0 | I218: 0 | J218: 0 | K218: 0 | L218: 0 | M218: 0 | N218: n/a | O218: null | P218: 50
A219: CPA - bdsm - Video-IS Xvideos - Android Generic - CA | B219: {=INDEX(_xlfn.TEXTSPLIT(A219," - "),2)} -> bdsm | C219: a99. Archived | D219: Paused | E219: 7791660 | F219: Video (Video) | G219: 0 | H219: 416 | I219: 1 | J219: 126.903 | K219: 0.32780943 | L219: 0.30505529 | M219: 1 | N219: 126.903 | O219: null | P219: Unlimited
A220: CPA - bdsm - Video-IS Xvideos - Android Generic - US | B220: {=INDEX(_xlfn.TEXTSPLIT(A220," - "),2)} -> bdsm | C220: a99. Archived | D220: Paused | E220: 7791648 | F220: Video (Video) | G220: 0 | H220: 514 | I220: 1 | J220: 118.199 | K220: 0.43485985 | L220: 0.22995914 | M220: 1 | N220: 118.199 | O220: null | P220: Unlimited
A221: CPA - Disney - Video-IS Xvideos - Android Generic - Other Countries | B221: {=INDEX(_xlfn.TEXTSPLIT(A221," - "),2)} -> Disney | C221: a99. Archived | D221: Paused | E221: 7791498 | F221: Video (Video) | G221: 0 | H221: 1738 | I221: 0.54093621 | J221: 148.62872 | K221: 0.63254744 | L221: 0.085517098 | M221: 1 | N221: 148.62872 | O221: null | P221: Unlimited
A222: CPA - Disney - Video-IS Xvideos - iOS - Other Countries | B222: {=INDEX(_xlfn.TEXTSPLIT(A222," - "),2)} -> Disney | C222: a99. Archived | D222: Paused | E222: 7791490 | F222: Video (Video) | G222: 0 | H222: 544 | I222: 0.41676202 | J222: 98.431688 | K222: 0.23033085 | L222: 0.1809406 | M222: 1 | N222: 98.431688 | O222: null | P222: Unlimited
A223: CPA - squirt - Video-IS Xvideos - Android Generic - Other Countries | B223: {=INDEX(_xlfn.TEXTSPLIT(A223," - "),2)} -> squirt | C223: a99. Archived | D223: Paused | E223: 7791438 | F223: Video (Video) | G223: 0 | H223: 5781 | I223: 0.78732197 | J223: 680.41073 | K223: 0.66893541 | L223: 0.11769776 | M223: 1 | N223: 680.41073 | O223: null | P223: Unlimited
A224: CPA - squirt - Video-IS Xvideos - iOS - Other Countries | B224: {=INDEX(_xlfn.TEXTSPLIT(A224," - "),2)} -> squirt | C224: a99. Archived | D224: Paused | E224: 7791430 | F224: Video (Video) | G224: 0 | H224: 439 | I224: 0.73534863 | J224: 130.86264 | K224: 0.24668465 | L224: 0.29809258 | M224: 1 | N224: 130.86264 | O224: null | P224: Unlimited
A225: CPA - squirt - Video-IS Xvideos - Android Generic - CA | B225: {=INDEX(_xlfn.TEXTSPLIT(A225," - "),2)} -> squirt | C225: a99. Archived | D225: Paused | E225: 7791412 | F225: Video (Video) | G225: 0 | H225: 603 | I225: 1 | J225: 146.534 | K225: 0.41150859 | L225: 0.24300829 | M225: 1 | N225: 146.534 | O225: null | P225: Unlimited
A226: CPA - hairy - Video-IS Xvideos - Android Other - Other Countries | B226: {=INDEX(_xlfn.TEXTSPLIT(A226," - "),2)} -> hairy | C226: 1d. Oceangate | D226: Running | E226: 7791310 | F226: Video (Video) | G226: 0 | H226: 2500 | I226: 0.47320618 | J226: 93.934266 | K226: 1.2594078 | L226: 0.037573706 | M226: 1 | N226: 93.934266 | O226: null | P226: Unlimited
A227: CPA - hairy - Video-IS Xvideos - iOS - Other Countries | B227: {=INDEX(_xlfn.TEXTSPLIT(A227," - "),2)} -> hairy | C227: a99. Archived | D227: Paused | E227: 7791300 | F227: Video (Video) | G227: 0 | H227: 591 | I227: 0.51657277 | J227: 130.89541 | K227: 0.23323546 | L227: 0.22148123 | M227: 1 | N227: 130.89541 | O227: null | P227: Unlimited
A228: CPA - hairy - Video-IS Xvideos - Android Generic - CA | B228: {=INDEX(_xlfn.TEXTSPLIT(A228," - "),2)} -> hairy | C228: a99. Archived | D228: Paused | E228: 7791282 | F228: Video (Video) | G228: 0 | H228: 567 | I228: 1 | J228: 146.181 | K228: 0.38787531 | L228: 0.25781481 | M228: 1 | N228: 146.181 | O228: null | P228: Unlimited
A229: CPA - hairy - Video-IS Xvideos - Android Generic - US | B229: {=INDEX(_xlfn.TEXTSPLIT(A229," - "),2)} -> hairy | C229: a99. Archived | D229: Paused | E229: 7791270 | F229: Video (Video) | G229: 0 | H229: 2155 | I229: 1 | J229: 442.707 | K229: 0.48677794 | L229: 0.20543248 | M229: 1 | N229: 442.707 | O229: null | P229: Unlimited
A230: CPA - Category: Asian - Video-IS Xvideos - Android Generic - Other Countries | B230: {=INDEX(_xlfn.TEXTSPLIT(A230," - "),2)} -> Category: Asian | C230: a99. Archived | D230: Paused | E230: 7791244 | F230: Video (Video) | G230: 0 | H230: 3024 | I230: 0.62239813 | J230: 311.44927 | K230: 0.60431413 | L230: 0.10299248 | M230: 1 | N230: 311.44927 | O230: null | P230: Unlimited
... A278: CPA - Gay - Video-IS Xvideos - Mobile - NZ | B278: {=INDEX(_xlfn.TEXTSPLIT(A278," - "),2)} -> Gay | C278: a99. Archived | D278: Paused | E278: 7754988 | F278: Video (Video) | G278: 0 | H278: 6472 | I278: 0.62957789 | J278: 172.12911 | K278: 2.3671929 | L278: 0.026595969 | M278: 1 | N278: 172.12911 | O278: null | P278: Unlimited
A279: CPA - witch - Video-IS Xvideos - iOS - USA | B279: {=INDEX(_xlfn.TEXTSPLIT(A279," - "),2)} -> witch | C279: a99. Archived | D279: Paused | E279: 7729248 | F279: Video (Video) | G279: 0 | H279: 166 | I279: 1.6929595 | J279: 100.04883 | K279: 0.28089412 | L279: 0.60270378 | M279: 1 | N279: 100.04883 | O279: null | P279: 50
A280: CPA - toilet - Video-IS Xvideos - iOS - USA | B280: {=INDEX(_xlfn.TEXTSPLIT(A280," - "),2)} -> toilet | C280: a99. Archived | D280: Paused | E280: 7729116 | F280: Video (Video) | G280: 0 | H280: 192 | I280: 1.7576483 | J280: 100.09983 | K280: 0.33713192 | L280: 0.52135328 | M280: 1 | N280: 100.09983 | O280: null | P280: 200
A281: CPA - clown - Video-IS Xvideos - iOS - USA | B281: {=INDEX(_xlfn.TEXTSPLIT(A281," - "),2)} -> clown | C281: a99. Archived | D281: Paused | E281: 7728944 | F281: Video (Video) | G281: 0 | H281: 141 | I281: 1.6324473 | J281: 100.02004 | K281: 0.23012894 | L281: 0.70936202 | M281: 1 | N281: 100.02004 | O281: null | P281: 50
A282: CPA - triple - Video-IS Xvideos - iOS - USA | B282: {=INDEX(_xlfn.TEXTSPLIT(A282," - "),2)} -> triple | C282: a99. Archived | D282: Paused | E282: 7728712 | F282: Video (Video) | G282: 0 | H282: 204 | I282: 1.7618704 | J282: 100.06015 | K282: 0.35920552 | L282: 0.49049091 | M282: 1 | N282: 100.06015 | O282: null | P282: 200
A283: CPA - belly - Video-IS Xvideos - iOS - USA | B283: {=INDEX(_xlfn.TEXTSPLIT(A283," - "),2)} -> belly | C283: a99. Archived | D283: Paused | E283: 7728610 | F283: Video (Video) | G283: 0 | H283: 428 | I283: 1 | J283: 144.103 | K283: 0.29700978 | L283: 0.33668925 | M283: 1 | N283: 144.103 | O283: null | P283: Unlimited
A284: CPA - femdom - Video-IS Xvideos - iOS - USA | B284: {=INDEX(_xlfn.TEXTSPLIT(A284," - "),2)} -> femdom | C284: 1c. Scaling | D284: Running | E284: 7728432 | F284: Video (Video) | G284: 0 | H284: 37 | I284: 1 | J284: 12.795 | K284: 0.28917546 | L284: 0.34581081 | M284: 1 | N284: 12.795 | O284: null | P284: Unlimited
A285: CPA - milking - Video-IS Xvideos - iOS - USA | B285: {=INDEX(_xlfn.TEXTSPLIT(A285," - "),2)} -> milking | C285: a99. Archived | D285: Paused | E285: 7728346 | F285: Video (Video) | G285: 0 | H285: 168 | I285: 1.6382598 | J285: 100.07146 | K285: 0.2750311 | L285: 0.59566348 | M285: 1 | N285: 100.07146 | O285: null | P285: 200
A286: CPA - master - Video-IS Xvideos - iOS - USA | B286: {=INDEX(_xlfn.TEXTSPLIT(A286," - "),2)} -> master | C286: a99. Archived | D286: Paused | E286: 7728180 | F286: Video (Video) | G286: 0 | H286: 194 | I286: 1.6712517 | J286: 100.08792 | K286: 0.32393802 | L286: 0.51591713 | M286: 1 | N286: 100.08792 | O286: null | P286: 200
A287: CPA - rope - Video-IS Xvideos - iOS - USA | B287: {=INDEX(_xlfn.TEXTSPLIT(A287," - "),2)} -> rope | C287: a99. Archived | D287: Paused | E287: 7728140 | F287: Video (Video) | G287: 0 | H287: 169 | I287: 1.7186973 | J287: 100.50426 | K287: 0.28900251 | L287: 0.59469977 | M287: 1 | N287: 100.50426 | O287: null | P287: 200
A288: CPA - machine - Video-IS Xvideos - iOS - USA | B288: {=INDEX(_xlfn.TEXTSPLIT(A288," - "),2)} -> machine | C288: a99. Archived | D288: Paused | E288: 7728034 | F288: Video (Video) | G288: 0 | H288: 273 | I288: 1.6921313 | J288: 100.07603 | K288: 0.46160089 | L288: 0.36657886 | M288: 1 | N288: 100.07603 | O288: null | P288: 200
A289: CPA - latex - Video-IS Xvideos - iOS - USA | B289: {=INDEX(_xlfn.TEXTSPLIT(A289," - "),2)} -> latex | C289: 1c. Scaling | D289: Running | E289: 7727774 | F289: Video (Video) | G289: 0 | H289: 74 | I289: 1.5291506 | J289: 35.809649 | K289: 0.31599624 | L289: 0.48391418 | M289: 1 | N289: 35.809649 | O289: null | P289: Unlimited
A290: CPA - spanish - Video-IS Xvideos - iOS - USA | B290: {=INDEX(_xlfn.TEXTSPLIT(A290," - "),2)} -> spanish | C290: a99. Archived | D290: Paused | E290: 7727734 | F290: Video (Video) | G290: 0 | H290: 261 | I290: 1 | J290: 100.054 | K290: 0.26085914 | L290: 0.38334866 | M290: 1 | N290: 100.054 | O290: null | P290: 200
A291: CPA - office - Video-IS Xvideos - iOS - USA | B291: {=INDEX(_xlfn.TEXTSPLIT(A291," - "),2)} -> office | C291: a99. Archived | D291: Paused | E291: 7727544 | F291: Video (Video) | G291: 0 | H291: 166 | I291: 1 | J291: 88.352 | K291: 0.18788482 | L291: 0.53224096 | M291: 1 | N291: 88.352 | O291: null | P291: 200
A292: CPA - club - Video-IS Xvideos - iOS - USA | B292: {=INDEX(_xlfn.TEXTSPLIT(A292," - "),2)} -> club | C292: a99. Archived | D292: Paused | E292: 7727434 | F292: Video (Video) | G292: 0 | H292: 272 | I292: 1 | J292: 100.031 | K292: 0.27191571 | L292: 0.36776103 | M292: 1 | N292: 100.031 | O292: null | P292: 50
A293: CPA - maid - Video-IS Xvideos - iOS - USA | B293: {=INDEX(_xlfn.TEXTSPLIT(A293," - "),2)} -> maid | C293: 1b. Launch | D293: Running | E293: 7727388 | F293: Video (Video) | G293: 0 | H293: 39 | I293: 1 | J293: 9.912 | K293: 0.39346247 | L293: 0.25415385 | M293: 1 | N293: 9.912 | O293: null | P293: 50
A294: CPA - ahegao - Video-IS Xvideos - iOS - USA | B294: {=INDEX(_xlfn.TEXTSPLIT(A294," - "),2)} -> ahegao | C294: 1b. Launch | D294: Running | E294: 7727344 | F294: Video (Video) | G294: 0 | H294: 46 | I294: 1.5385784 | J294: 18.62603 | K294: 0.37997687 | L294: 0.40491369 | M294: 1 | N294: 18.62603 | O294: null | P294: 200
A295: CPA - stripper - Video-IS Xvideos - iOS - USA | B295: {=INDEX(_xlfn.TEXTSPLIT(A295," - "),2)} -> stripper | C295: 1c. Scaling | D295: Running | E295: 7727304 | F295: Video (Video) | G295: 0 | H295: 21 | I295: 1 | J295: 7.382 | K295: 0.28447575 | L295: 0.35152381 | M295: 1 | N295: 7.382 | O295: null | P295: Unlimited
A296: CPA - mature - Video-IS Xvideos - iOS - USA | B296: {=INDEX(_xlfn.TEXTSPLIT(A296," - "),2)} -> mature | C296: a99. Archived | D296: Paused | E296: 7726956 | F296: Video (Video) | G296: 0 | H296: 197 | I296: 1 | J296: 100.004 | K296: 0.19699212 | L296: 0.50763452 | M296: 1 | N296: 100.004 | O296: null | P296: 50
A297: CPA - wife - Video-IS Xvideos - iOS - USA | B297: {=INDEX(_xlfn.TEXTSPLIT(A297," - "),2)} -> wife | C297: a99. Archived | D297: Paused | E297: 7726710 | F297: Video (Video) | G297: 0 | H297: 406 | I297: 1 | J297: 179.554 | K297: 0.22611582 | L297: 0.44225123 | M297: 1 | N297: 179.554 | O297: null | P297: Unlimited
A298: CPA - trans - Video-IS Xvideos - iOS - USA | B298: {=INDEX(_xlfn.TEXTSPLIT(A298," - "),2)} -> trans | C298: a99. Archived | D298: Paused | E298: 7726648 | F298: Video (Video) | G298: 0 | H298: 318 | I298: 1 | J298: 100.103 | K298: 0.3176728 | L298: 0.31478931 | M298: 1 | N298: 100.103 | O298: null | P298: 50
A299: CPA - ebony - Video-IS Xvideos - iOS - USA | B299: {=INDEX(_xlfn.TEXTSPLIT(A299," - "),2)} -> ebony | C299: a99. Archived | D299: Paused | E299: 7726602 | F299: Video (Video) | G299: 0 | H299: 496 | I299: 1 | J299: 226.516 | K299: 0.21896908 | L299: 0.45668548 | M299: 1 | N299: 226.516 | O299: null | P299: Unlimited
A300: CPA - stepmom - Video-IS Xvideos - iOS - USA | B300: {=INDEX(_xlfn.TEXTSPLIT(A300," - "),2)} -> stepmom | C300: a99. Archived | D300: Paused | E300: 7726470 | F300: Video (Video) | G300: 0 | H300: 309 | I300: 1 | J300: 100.021 | K300: 0.30893512 | L300: 0.32369256 | M300: 1 | N300: 100.021 | O300: null | P300: 50
A301: CPA - Category: Transexual/Shemale - Video-IS Xvideos - Windows 10 - USA | B301: {=INDEX(_xlfn.TEXTSPLIT(A301," - "),2)} -> Category: Transexual/Shemale | C301: 1c. Scaling - Trans | D301: Running | E301: 7720222 | F301: Video (Video) | G301: 0 | H301: 36 | I301: 1 | J301: 19.933 | K301: 0.18060503 | L301: 0.55369444 | M301: 1 | N301: 19.933 | O301: null | P301: 200
A302: CPA - JOI - Video-IS Xvideos - iOS - USA | B302: {=INDEX(_xlfn.TEXTSPLIT(A302," - "),2)} -> JOI | C302: a99. Archived | D302: Paused | E302: 7718226 | F302: Video (Video) | G302: 0 | H302: 573 | I302: 1 | J302: 145.341 | K302: 0.39424526 | L302: 0.25364921 | M302: 1 | N302: 145.341 | O302: null | P302: 200
A303: CPA - Cowgirl - Video-IS Xvideos - iOS - USA | B303: {=INDEX(_xlfn.TEXTSPLIT(A303," - "),2)} -> Cowgirl | C303: a99. Archived | D303: Paused | E303: 7718132 | F303: Video (Video) | G303: 0 | H303: 547 | I303: 1 | J303: 200.798 | K303: 0.27241307 | L303: 0.36708958 | M303: 1 | N303: 200.798 | O303: null | P303: 200
A304: CPA - Category: Transexual/Shemale - Video-IS Xvideos - iOS - USA | B304: {=INDEX(_xlfn.TEXTSPLIT(A304," - "),2)} -> Category: Transexual/Shemale | C304: 1c. Scaling - Trans | D304: Running | E304: 7718090 | F304: Video (Video) | G304: 0 | H304: 26 | I304: 1 | J304: 8.243 | K304: 0.31541914 | L304: 0.31703846 | M304: 1 | N304: 8.243 | O304: null | P304: 200
A305: CPA - Category: Teens (18+) - Video-IS Xvideos - iOS - USA | B305: {=INDEX(_xlfn.TEXTSPLIT(A305," - "),2)} -> Category: Teens (18+) | C305: a99. Archived | D305: Paused | E305: 7718078 | F305: Video (Video) | G305: 0 | H305: 834 | I305: 1 | J305: 294.029 | K305: 0.28364549 | L305: 0.35255276 | M305: 1 | N305: 294.029 | O305: null | P305: Unlimited
A306: CPA - Category: Cartoons/Hentai - Video-IS Xvideos - Android Generic - MEX | B306: {=INDEX(_xlfn.TEXTSPLIT(A306," - "),2)} -> Category: Cartoons/Hentai | C306: 1e. Ocean | D306: Running | E306: 7717892 | F306: Video (Video) | G306: 0 | H306: 212 | I306: 0.28900903 | J306: 17.473486 | K306: 0.35064505 | L306: 0.082422104 | M306: 1 | N306: 17.473486 | O306: null | P306: 200
A307: CPA - Category: Cartoons/Hentai - Video-IS Xvideos - Windows 10 - USA | B307: {=INDEX(_xlfn.TEXTSPLIT(A307," - "),2)} -> Category: Cartoons/Hentai | C307: 1e. Ocean | D307: Running | E307: 7717822 | F307: Video (Video) | G307: 0 | H307: 152 | I307: 1.1602421 | J307: 120.9448 | K307: 0.14581595 | L307: 0.79568948 | M307: 1 | N307: 120.9448 | O307: null | P307: 200
A308: CPA - Category: Cartoons/Hentai - Video-IS Xvideos - iOS - NLD | B308: {=INDEX(_xlfn.TEXTSPLIT(A308," - "),2)} -> Category: Cartoons/Hentai | C308: a99. Archived | D308: Paused | E308: 7717814 | F308: Video (Video) | G308: 0 | H308: 655 | I308: 1.0776684 | J308: 173.05307 | K308: 0.40789384 | L308: 0.26420316 | M308: 1 | N308: 173.05307 | O308: null | P308: 200
A309: CPA - squirt - Video-IS Xvideos - iOS - US | B309: {=INDEX(_xlfn.TEXTSPLIT(A309," - "),2)} -> squirt | C309: a99. Archived | D309: Paused | E309: 7791392 | F309: Video (Video) | G309: 0 | H309: 805 | I309: 1 | J309: 315.249 | K309: 0.2553537 | L309: 0.39161366 | M309: 2 | N309: 157.6245 | O309: null | P309: Unlimited
A310: CPA - Category: Asian - Video-IS Xvideos - iOS - Other Countries | B310: {=INDEX(_xlfn.TEXTSPLIT(A310," - "),2)} -> Category: Asian | C310: a99. Archived | D310: Paused | E310: 7791236 | F310: Video (Video) | G310: 0 | H310: 1797 | I310: 0.53273691 | J310: 381.88234 | K310: 0.2506867 | L310: 0.21251104 | M310: 2 | N310: 190.94117 | O310: null | P310: Unlimited
A311: CPA - Handjob - Video-IS Xvideos - iOS - CA | B311: {=INDEX(_xlfn.TEXTSPLIT(A311," - "),2)} -> Handjob | C311: 1d. Oceangate | D311: Running | E311: 7790634 | F311: Video (Video) | G311: 0 | H311: 142 | I311: 1 | J311: 64.709 | K311: 0.21944397 | L311: 0.45569718 | M311: 2 | N311: 32.3545 | O311: null | P311: Unlimited
A312: CPA - roleplay - Video-IS Xvideos - Android Generic - CA | B312: {=INDEX(_xlfn.TEXTSPLIT(A312," - "),2)} -> roleplay | C312: 1d. Oceangate | D312: Running | E312: 7790512 | F312: Video (Video) | G312: 0 | H312: 752 | I312: 1 | J312: 204.108 | K312: 0.3684324 | L312: 0.27142021 | M312: 2 | N312: 102.054 | O312: null | P312: Unlimited
A313: CPA - bbc - Video-IS Xvideos - iOS - Other Countries | B313: {=INDEX(_xlfn.TEXTSPLIT(A313," - "),2)} -> bbc | C313: a99. Archived | D313: Paused | E313: 7790236 | F313: Video (Video) | G313: 0 | H313: 1521 | I313: 0.56398825 | J313: 329.24506 | K313: 0.26054336 | L313: 0.21646618 | M313: 2 | N313: 164.62253 | O313: null | P313: Unlimited
A314: CPA - bbc - Video-IS Xvideos - iOS - CA | B314: {=INDEX(_xlfn.TEXTSPLIT(A314," - "),2)} -> bbc | C314: 1d. Oceangate | D314: Running | E314: 7790212 | F314: Video (Video) | G314: 0 | H314: 188 | I314: 1 | J314: 108.545 | K314: 0.17320006 | L314: 0.57736702 | M314: 2 | N314: 54.2725 | O314: null | P314: Unlimited
A315: CPA - creampie - Video-IS Xvideos - Android Generic - Other Countries | B315: {=INDEX(_xlfn.TEXTSPLIT(A315," - "),2)} -> creampie | C315: a99. Archived | D315: Paused | E315: 7790182 | F315: Video (Video) | G315: 0 | H315: 7630 | I315: 0.68100638 | J315: 736.1822 | K315: 0.70581423 | L315: 0.096485216 | M315: 2 | N315: 368.0911 | O315: null | P315: Unlimited
A316: CPA - creampie - Video-IS Xvideos - MacOS - Other Countries | B316: {=INDEX(_xlfn.TEXTSPLIT(A316," - "),2)} -> creampie | C316: 1d. Oceangate | D316: Running | E316: 7790178 | F316: Video (Video) | G316: 0 | H316: 962 | I316: 0.45516612 | J316: 101.46973 | K316: 0.43152753 | L316: 0.10547789 | M316: 2 | N316: 50.734864 | O316: null | P316: Unlimited
A317: CPA - creampie - Video-IS Xvideos - Android Generic - US | B317: {=INDEX(_xlfn.TEXTSPLIT(A317," - "),2)} -> creampie | C317: a99. Archived | D317: Paused | E317: 7790144 | F317: Video (Video) | G317: 0 | H317: 1607 | I317: 1 | J317: 264.217 | K317: 0.60821219 | L317: 0.1644163 | M317: 2 | N317: 132.1085 | O317: null | P317: Unlimited
A318: CPA - creampie - Video-IS Xvideos - MacOS - US | B318: {=INDEX(_xlfn.TEXTSPLIT(A318," - "),2)} -> creampie | C318: 1d. Oceangate | D318: Running | E318: 7790138 | F318: Video (Video) | G318: 0 | H318: 175 | I318: 1 | J318: 79.876 | K318: 0.21908959 | L318: 0.45643429 | M318: 2 | N318: 39.938 | O318: null | P318: Unlimited
A319: CPA - edging - Video-IS Xvideos - iOS - US | B319: {=INDEX(_xlfn.TEXTSPLIT(A319," - "),2)} -> edging | C319: a99. Archived | D319: Paused | E319: 7790070 | F319: Video (Video) | G319: 0 | H319: 432 | I319: 1.7963438 | J319: 183.1103 | K319: 0.42379948 | L319: 0.42386644 | M319: 2 | N319: 91.555151 | O319: null | P319: Unlimited
A320: CPA - stepsister - Video-IS Xvideos - Android Generic - US | B320: {=INDEX(_xlfn.TEXTSPLIT(A320," - "),2)} -> stepsister | C320: a99. Archived | D320: Paused | E320: 7762910 | F320: Video (Video) | G320: 0 | H320: 2883 | I320: 1 | J320: 472.221 | K320: 0.61051923 | L320: 0.16379501 | M320: 2 | N320: 236.1105 | O320: null | P320: Unlimited
... A334: CPA - Category: Ebony - Video-IS Xvideos - iOS - USA | B334: {=INDEX(_xlfn.TEXTSPLIT(A334," - "),2)} -> Category: Ebony | C334: a99. Archived | D334: Paused | E334: 7718022 | F334: Video (Video) | G334: 0 | H334: 425 | I334: 1 | J334: 171.482 | K334: 0.24783942 | L334: 0.40348706 | M334: 2 | N334: 85.741 | O334: null | P334: Unlimited
A335: CPA - Category: BDSM - Video-IS Xvideos - iOS - USA | B335: {=INDEX(_xlfn.TEXTSPLIT(A335," - "),2)} -> Category: BDSM | C335: 1c. Scaling | D335: Running | E335: 7718012 | F335: Video (Video) | G335: 0 | H335: 346 | I335: 1 | J335: 163.412 | K335: 0.21173476 | L335: 0.47228902 | M335: 2 | N335: 81.706 | O335: null | P335: 200
A336: CPA - Category: Cartoons/Hentai - Video-IS Xvideos - Android Generic - NLD | B336: {=INDEX(_xlfn.TEXTSPLIT(A336," - "),2)} -> Category: Cartoons/Hentai | C336: a99. Archived | D336: Paused | E336: 7717886 | F336: Video (Video) | G336: 0 | H336: 1165 | I336: 1.2550926 | J336: 200.05799 | K336: 0.7308795 | L336: 0.1717236 | M336: 2 | N336: 100.029 | O336: null | P336: 200
A337: CPA - Category: Cartoons/Hentai - Video-IS Xvideos - Android Generic - NOR | B337: {=INDEX(_xlfn.TEXTSPLIT(A337," - "),2)} -> Category: Cartoons/Hentai | C337: 1e. Ocean | D337: Running | E337: 7717884 | F337: Video (Video) | G337: 0 | H337: 931 | I337: 1.0359341 | J337: 134.92628 | K337: 0.71480122 | L337: 0.14492618 | M337: 2 | N337: 67.463138 | O337: null | P337: 200
A338: CPA - Category: Cartoons/Hentai - Video-IS Xvideos - iOS - JPN | B338: {=INDEX(_xlfn.TEXTSPLIT(A338," - "),2)} -> Category: Cartoons/Hentai | C338: 1e. Ocean | D338: Running | E338: 7717816 | F338: Video (Video) | G338: 0 | H338: 355 | I338: 0.52734564 | J338: 74.610443 | K338: 0.25091354 | L338: 0.21017026 | M338: 2 | N338: 37.305222 | O338: null | P338: 200
A339: [Traffic Share - 85 %] - CPAreset - Xvideos Trans - Video - Mobile - UK | B339: {=INDEX(_xlfn.TEXTSPLIT(A339," - "),2)} -> 85 %] | C339: a99. Archived | D339: Paused | E339: 7664862 | F339: Video (Video) | G339: 0 | H339: 865 | I339: 2.687 | J339: 342.66505 | K339: 0.67828774 | L339: 0.39614457 | M339: 2 | N339: 171.33252 | O339: null | P339: 176
A340: CPA - bdsm - Video-IS Xvideos - iOS - Other Countries | B340: {=INDEX(_xlfn.TEXTSPLIT(A340," - "),2)} -> bdsm | C340: 1d. Oceangate | D340: Running | E340: 7791678 | F340: Video (Video) | G340: 0 | H340: 1202 | I340: 0.5110275 | J340: 286.63277 | K340: 0.21430036 | L340: 0.2384632 | M340: 3 | N340: 95.544257 | O340: null | P340: Unlimited
A341: CPA - hairy - Video-IS Xvideos - iOS - US | B341: {=INDEX(_xlfn.TEXTSPLIT(A341," - "),2)} -> hairy | C341: 1d. Oceangate | D341: Running | E341: 7791262 | F341: Video (Video) | G341: 0 | H341: 394 | I341: 1 | J341: 169.462 | K341: 0.2325005 | L341: 0.4301066 | M341: 3 | N341: 56.487333 | O341: null | P341: Unlimited
A342: CPA - Category: Asian - Video-IS Xvideos - Android Generic - US | B342: {=INDEX(_xlfn.TEXTSPLIT(A342," - "),2)} -> Category: Asian | C342: a99. Archived | D342: Paused | E342: 7791208 | F342: Video (Video) | G342: 0 | H342: 1880 | I342: 1 | J342: 349.598 | K342: 0.53776051 | L342: 0.18595638 | M342: 3 | N342: 116.53267 | O342: null | P342: Unlimited
A343: CPA - lingerie - Video-IS Xvideos - iOS - US | B343: {=INDEX(_xlfn.TEXTSPLIT(A343," - "),2)} -> lingerie | C343: 1d. Oceangate | D343: Running | E343: 7790882 | F343: Video (Video) | G343: 0 | H343: 416 | I343: 1 | J343: 167.507 | K343: 0.24834783 | L343: 0.40266106 | M343: 3 | N343: 55.835667 | O343: null | P343: Unlimited
A344: CPA - Handjob - Video-IS Xvideos - Android Generic - Other Countries | B344: {=INDEX(_xlfn.TEXTSPLIT(A344," - "),2)} -> Handjob | C344: a99. Archived | D344: Paused | E344: 7790670 | F344: Video (Video) | G344: 0 | H344: 2189 | I344: 0.6354761 | J344: 189.56379 | K344: 0.73382009 | L344: 0.086598352 | M344: 3 | N344: 63.187931 | O344: null | P344: Unlimited
A345: CPA - bbc - Video-IS Xvideos - Android Generic - US | B345: {=INDEX(_xlfn.TEXTSPLIT(A345," - "),2)} -> bbc | C345: a99. Archived | D345: Paused | E345: 7790208 | F345: Video (Video) | G345: 0 | H345: 1586 | I345: 1 | J345: 286.889 | K345: 0.55282705 | L345: 0.1808884 | M345: 3 | N345: 95.629667 | O345: null | P345: Unlimited
A346: CPA - pov - Video-IS Xvideos - iOS - CA | B346: {=INDEX(_xlfn.TEXTSPLIT(A346," - "),2)} -> pov | C346: 1d. Oceangate | D346: Running | E346: 7762852 | F346: Video (Video) | G346: 0 | H346: 438 | I346: 1 | J346: 162.252 | K346: 0.26995045 | L346: 0.37043836 | M346: 3 | N346: 54.084 | O346: null | P346: Unlimited
A347: CPA - Category: Latina - Video-IS Xvideos - iOS - Other Countries | B347: {=INDEX(_xlfn.TEXTSPLIT(A347," - "),2)} -> Category: Latina | C347: a99. Archived | D347: Paused | E347: 7762312 | F347: Video (Video) | G347: 0 | H347: 1557 | I347: 0.70380184 | J347: 329.41375 | K347: 0.33265748 | L347: 0.21156952 | M347: 3 | N347: 109.80458 | O347: null | P347: Unlimited
A348: CPA - power - Video-IS Xvideos - iOS - USA | B348: {=INDEX(_xlfn.TEXTSPLIT(A348," - "),2)} -> power | C348: a99. Archived | D348: Paused | E348: 7744400 | F348: Video (Video) | G348: 0 | H348: 350 | I348: 1.7603171 | J348: 191.61051 | K348: 0.32154341 | L348: 0.54745861 | M348: 3 | N348: 63.870171 | O348: null | P348: Unlimited
A349: CPA - edging - Video-IS Xvideos - iOS - USA | B349: {=INDEX(_xlfn.TEXTSPLIT(A349," - "),2)} -> edging | C349: a99. Archived | D349: Paused | E349: 7728476 | F349: Video (Video) | G349: 0 | H349: 492 | I349: 1.7716849 | J349: 208.11983 | K349: 0.41883034 | L349: 0.42300778 | M349: 3 | N349: 69.373277 | O349: null | P349: Unlimited
A350: CPA - pregnant - Video-IS Xvideos - iOS - USA | B350: {=INDEX(_xlfn.TEXTSPLIT(A350," - "),2)} -> pregnant | C350: 1c. Scaling | D350: Running | E350: 7728304 | F350: Video (Video) | G350: 0 | H350: 222 | I350: 1 | J350: 96.715 | K350: 0.2295404 | L350: 0.43565315 | M350: 3 | N350: 32.238333 | O350: null | P350: 200
A351: CPA - facesitting - Video-IS Xvideos - iOS - USA | B351: {=INDEX(_xlfn.TEXTSPLIT(A351," - "),2)} -> facesitting | C351: 1c. Scaling | D351: Running | E351: 7727946 | F351: Video (Video) | G351: 0 | H351: 477 | I351: 1 | J351: 188.356 | K351: 0.25324386 | L351: 0.39487631 | M351: 3 | N351: 62.785333 | O351: null | P351: Unlimited
...

Sheet Sheet2
A3: Row Labels | B3: Sum of Cost | C3: Conv
A4: Gay | B4: 44444.778 | C4: 702 | D4: =B4/C4 -> 63.31165
A5: Category: Cartoons/Hentai | B5: 5015.7957 | C5: 86 | D5: =B5/C5 -> 58.323205
A6: Xvideos Anal | B6: 4936.3376 | C6: 33 | D6: =B6/C6 -> 149.58599
A7: squirt | B7: 4211.8959 | C7: 44 | D7: =B7/C7 -> 95.724907
A8: AI | B8: 3851.1228 | C8: 42 | D8: =B8/C8 -> 91.693401
A9: Xvideos MILF | B9: 3839.9265 | C9: 47 | D9: =B9/C9 -> 81.700564
A10: milf | B10: 3594.0264 | C10: 26 | D10: =B10/C10 -> 138.23178
A11: threesome | B11: 3206.3924 | C11: 39 | D11: =B11/C11 -> 82.215189
A12: creampie | B12: 3110.9768 | C12: 21 | D12: =B12/C12 -> 148.14175
A13: pov | B13: 2919.3637 | C13: 35 | D13: =B13/C13 -> 83.410392
A14: Xvideos Hentai | B14: 2631.2782 | C14: 17 | D14: =B14/C14 -> 154.78107
A15: Category: Latina | B15: 2451.4528 | C15: 18 | D15: =B15/C15 -> 136.19182
... A161: Vtuber | B161: 0.55054668 | C161: 0 | D161: =B161/C161 -> #DIV/0!
A162: (blank) | D162: =B162/C162 -> #DIV/0!
A163: General | B163: 0 | C163: 0 | D163: =B163/C163 -> #DIV/0!
A164: Grand Total | B164: 123211.18 | C164: 1468 | D164: =B164/C164 -> 83.931319

Sheet ExoLaunches
A1: keyword | B1: One Word | C1: Cost | D1: Conv | E1: CPA | F1: Launch
A2: stripper, stripper porn, stripper blowjob, stripper sex, stripper xxx, stripper amateur, hot stripper, busty stripper, stripper videos, teen stripper, stripper dancing, stripper anal | B2: {=INDEX(_xlfn.TEXTSPLIT(A2,","),1)} -> stripper | C2: =IFERROR(_xlfn.XLOOKUP(B2,Sheet2!A:A,Sheet2!B:B,"Missing",0),200) -> 7.382 | D2: =IFERROR(_xlfn.XLOOKUP(B2,Sheet2!A:A,Sheet2!C:C,"Missing",0),200) -> 1 | E2: =IFERROR(_xlfn.XLOOKUP(B2,Sheet2!A:A,Sheet2!D:D,"Missing",0),200) -> 7.382 | F2: All Platform
A3: maid, maid porn, sexy maid, hot maid, french maid porn, maid blowjob, maid xxx, maid anal, maid milf, maid videos, naughty maid, asian maid | B3: {=INDEX(_xlfn.TEXTSPLIT(A3,","),1)} -> maid | C3: =IFERROR(_xlfn.XLOOKUP(B3,Sheet2!A:A,Sheet2!B:B,"Missing",0),200) -> 9.912 | D3: =IFERROR(_xlfn.XLOOKUP(B3,Sheet2!A:A,Sheet2!C:C,"Missing",0),200) -> 1 | E3: =IFERROR(_xlfn.XLOOKUP(B3,Sheet2!A:A,Sheet2!D:D,"Missing",0),200) -> 9.912 | F3: All Platform
A4: femdom, femdom porn, femdom domination, femdom mistress, femdom milf, femdom slave, femdom fetish, femdom ass worship, femdom xxx, femdom pegging, femdom handjob, femdom cum | B4: {=INDEX(_xlfn.TEXTSPLIT(A4,","),1)} -> femdom | C4: =IFERROR(_xlfn.XLOOKUP(B4,Sheet2!A:A,Sheet2!B:B,"Missing",0),200) -> 12.795 | D4: =IFERROR(_xlfn.XLOOKUP(B4,Sheet2!A:A,Sheet2!C:C,"Missing",0),200) -> 1 | E4: =IFERROR(_xlfn.XLOOKUP(B4,Sheet2!A:A,Sheet2!D:D,"Missing",0),200) -> 12.795 | F4: All Platform
A5: ahegao, ahegao porn, ahegao face, hentai ahegao, anime ahegao, cum ahegao, ahegao compilation, ahegao xxx, asian ahegao, ahegao teen, cosplay ahegao, big tits ahegao | B5: {=INDEX(_xlfn.TEXTSPLIT(A5,","),1)} -> ahegao | C5: =IFERROR(_xlfn.XLOOKUP(B5,Sheet2!A:A,Sheet2!B:B,"Missing",0),200) -> 18.62603 | D5: =IFERROR(_xlfn.XLOOKUP(B5,Sheet2!A:A,Sheet2!C:C,"Missing",0),200) -> 1 | E5: =IFERROR(_xlfn.XLOOKUP(B5,Sheet2!A:A,Sheet2!D:D,"Missing",0),200) -> 18.62603 | F5: All Platform
A6: pregnant, pregnant porn, pregnant milf, pregnant teen, pregnant sex, pregnant creampie, pregnant blowjob, pregnant fetish, pregnant xxx, pregnant lesbian, pregnant anal, pregnant compilation | B6: {=INDEX(_xlfn.TEXTSPLIT(A6,","),1)} -> pregnant | C6: =IFERROR(_xlfn.XLOOKUP(B6,Sheet2!A:A,Sheet2!B:B,"Missing",0),200) -> 96.715 | D6: =IFERROR(_xlfn.XLOOKUP(B6,Sheet2!A:A,Sheet2!C:C,"Missing",0),200) -> 3 | E6: =IFERROR(_xlfn.XLOOKUP(B6,Sheet2!A:A,Sheet2!D:D,"Missing",0),200) -> 32.238333 | F6: All Platform
A7: goth, goth porn, goth girl, hot goth, goth blowjob, goth sex, goth amateur, goth anal, goth milf, goth xxx, goth cumshot, emo porn | B7: {=INDEX(_xlfn.TEXTSPLIT(A7,","),1)} -> goth | C7: =IFERROR(_xlfn.XLOOKUP(B7,Sheet2!A:A,Sheet2!B:B,"Missing",0),200) -> 142.211 | D7: =IFERROR(_xlfn.XLOOKUP(B7,Sheet2!A:A,Sheet2!C:C,"Missing",0),200) -> 4 | E7: =IFERROR(_xlfn.XLOOKUP(B7,Sheet2!A:A,Sheet2!D:D,"Missing",0),200) -> 35.55275 | F7: All Platform
A8: latex, latex porn, latex fetish, sexy latex, latex bdsm, latex xxx, latex mistress, latex milf, latex gloves fetish, latex anal, latex blowjob, latex videos | B8: {=INDEX(_xlfn.TEXTSPLIT(A8,","),1)} -> latex | C8: =IFERROR(_xlfn.XLOOKUP(B8,Sheet2!A:A,Sheet2!B:B,"Missing",0),200) -> 35.809649 | D8: =IFERROR(_xlfn.XLOOKUP(B8,Sheet2!A:A,Sheet2!C:C,"Missing",0),200) -> 1 | E8: =IFERROR(_xlfn.XLOOKUP(B8,Sheet2!A:A,Sheet2!D:D,"Missing",0),200) -> 35.809649 | F8: All Platform
A9: feet, foot fetish, feet porn, sexy feet, feet worship, footjob, feet licking, feet xxx, feet cumshot, feet tease, feet milf, feet pics | B9: {=INDEX(_xlfn.TEXTSPLIT(A9,","),1)} -> feet | C9: =IFERROR(_xlfn.XLOOKUP(B9,Sheet2!A:A,Sheet2!B:B,"Missing",0),200) -> 226.337 | D9: =IFERROR(_xlfn.XLOOKUP(B9,Sheet2!A:A,Sheet2!C:C,"Missing",0),200) -> 6 | E9: =IFERROR(_xlfn.XLOOKUP(B9,Sheet2!A:A,Sheet2!D:D,"Missing",0),200) -> 37.722833 | F9: All Platform
A10: public, public porn, public sex, in public, public blowjob, public xxx, public fap, public fetish, public creampie, public amateur, public flashing, outdoor sex | B10: {=INDEX(_xlfn.TEXTSPLIT(A10,","),1)} -> public | C10: =IFERROR(_xlfn.XLOOKUP(B10,Sheet2!A:A,Sheet2!B:B,"Missing",0),200) -> 306.162 | D10: =IFERROR(_xlfn.XLOOKUP(B10,Sheet2!A:A,Sheet2!C:C,"Missing",0),200) -> 6 | E10: =IFERROR(_xlfn.XLOOKUP(B10,Sheet2!A:A,Sheet2!D:D,"Missing",0),200) -> 51.027 | F10: All Platform
A11: orgy, orgy porn, orgy sex, group sex, amateur orgy, teen orgy, milf orgy, interracial orgy, lesbian orgy, orgy xxx, sex party porn, hardcore orgy | B11: {=INDEX(_xlfn.TEXTSPLIT(A11,","),1)} -> orgy | C11: =IFERROR(_xlfn.XLOOKUP(B11,Sheet2!A:A,Sheet2!B:B,"Missing",0),200) -> 359.60758 | D11: =IFERROR(_xlfn.XLOOKUP(B11,Sheet2!A:A,Sheet2!C:C,"Missing",0),200) -> 7 | E11: =IFERROR(_xlfn.XLOOKUP(B11,Sheet2!A:A,Sheet2!D:D,"Missing",0),200) -> 51.372512 | F11: All Platform
A12: straight, straight porn, straight sex, straight couple sex, straight amateur, straight videos, straight blowjob, straight xxx, straight anal, straight creampie, straight fuck, straight teens | B12: {=INDEX(_xlfn.TEXTSPLIT(A12,","),1)} -> straight | C12: =IFERROR(_xlfn.XLOOKUP(B12,Sheet2!A:A,Sheet2!B:B,"Missing",0),200) -> 159.945 | D12: =IFERROR(_xlfn.XLOOKUP(B12,Sheet2!A:A,Sheet2!C:C,"Missing",0),200) -> 3 | E12: =IFERROR(_xlfn.XLOOKUP(B12,Sheet2!A:A,Sheet2!D:D,"Missing",0),200) -> 53.315 | F12: All Platform
A13: fisting, fisting porn, anal fisting, double fisting, fist fuck, hardcore fisting, lesbian fisting, milf fisting, fisting xxx, fisting compilation, extreme fisting, teen fisting | B13: {=INDEX(_xlfn.TEXTSPLIT(A13,","),1)} -> fisting | C13: =IFERROR(_xlfn.XLOOKUP(B13,Sheet2!A:A,Sheet2!B:B,"Missing",0),200) -> 109.379 | D13: =IFERROR(_xlfn.XLOOKUP(B13,Sheet2!A:A,Sheet2!C:C,"Missing",0),200) -> 2 | E13: =IFERROR(_xlfn.XLOOKUP(B13,Sheet2!A:A,Sheet2!D:D,"Missing",0),200) -> 54.6895 | F13: All Platform
... A32: bdsm, bdsm porn, bdsm sex, bdsm xxx, bdsm girl, bdsm slave, bdsm blowjob, bdsm anal, bdsm mistress, bdsm milf, bdsm fetish, hardcore bdsm, bdsm video | B32: {=INDEX(_xlfn.TEXTSPLIT(A32,","),1)} -> bdsm | C32: =IFERROR(_xlfn.XLOOKUP(B32,Sheet2!A:A,Sheet2!B:B,"Missing",0),200) -> 1065.3882 | D32: =IFERROR(_xlfn.XLOOKUP(B32,Sheet2!A:A,Sheet2!C:C,"Missing",0),200) -> 11 | E32: =IFERROR(_xlfn.XLOOKUP(B32,Sheet2!A:A,Sheet2!D:D,"Missing",0),200) -> 96.853475 | F32: Split Platform
A33: mature, mature porn, mature milf, mature woman, sexy mature, mature anal, mature creampie, mature big tits, mature xxx, mature blowjob, mature threesome, mature amateur | B33: {=INDEX(_xlfn.TEXTSPLIT(A33,","),1)} -> mature | C33: =IFERROR(_xlfn.XLOOKUP(B33,Sheet2!A:A,Sheet2!B:B,"Missing",0),200) -> 100.004 | D33: =IFERROR(_xlfn.XLOOKUP(B33,Sheet2!A:A,Sheet2!C:C,"Missing",0),200) -> 1 | E33: =IFERROR(_xlfn.XLOOKUP(B33,Sheet2!A:A,Sheet2!D:D,"Missing",0),200) -> 100.004 | F33: =IFERROR(_xlfn.XLOOKUP(C33,Sheet2!B:B,Sheet2!E:E,"Missing",0),200) -> 0
A34: clown, clown porn, clown sex, clown xxx, clown blowjob, clown milf, clown fetish, clown roleplay, clown compilation, clown anal, clown lingerie porn, clown gangbang | B34: {=INDEX(_xlfn.TEXTSPLIT(A34,","),1)} -> clown | C34: =IFERROR(_xlfn.XLOOKUP(B34,Sheet2!A:A,Sheet2!B:B,"Missing",0),200) -> 100.02004 | D34: =IFERROR(_xlfn.XLOOKUP(B34,Sheet2!A:A,Sheet2!C:C,"Missing",0),200) -> 1 | E34: =IFERROR(_xlfn.XLOOKUP(B34,Sheet2!A:A,Sheet2!D:D,"Missing",0),200) -> 100.02004 | F34: All Platform
A35: stepmom, stepmom porn, hot stepmom, stepmom sex, mature stepmom, big tits stepmom, naughty stepmom, sexy stepmom, stepmom blowjob, stepmom videos, milf stepmom, stepmom anal | B35: {=INDEX(_xlfn.TEXTSPLIT(A35,","),1)} -> stepmom | C35: =IFERROR(_xlfn.XLOOKUP(B35,Sheet2!A:A,Sheet2!B:B,"Missing",0),200) -> 100.021 | D35: =IFERROR(_xlfn.XLOOKUP(B35,Sheet2!A:A,Sheet2!C:C,"Missing",0),200) -> 1 | E35: =IFERROR(_xlfn.XLOOKUP(B35,Sheet2!A:A,Sheet2!D:D,"Missing",0),200) -> 100.021 | F35: =IFERROR(_xlfn.XLOOKUP(C35,Sheet2!B:B,Sheet2!E:E,"Missing",0),200) -> 0
A36: club, club porn, sex club, swinger club, club sex video, club gangbang, night club porn, club orgy, club xxx, club fuck, club amateur, club teens | B36: {=INDEX(_xlfn.TEXTSPLIT(A36,","),1)} -> club | C36: =IFERROR(_xlfn.XLOOKUP(B36,Sheet2!A:A,Sheet2!B:B,"Missing",0),200) -> 100.031 | D36: =IFERROR(_xlfn.XLOOKUP(B36,Sheet2!A:A,Sheet2!C:C,"Missing",0),200) -> 1 | E36: =IFERROR(_xlfn.XLOOKUP(B36,Sheet2!A:A,Sheet2!D:D,"Missing",0),200) -> 100.031 | F36: =IFERROR(_xlfn.XLOOKUP(C36,Sheet2!B:B,Sheet2!E:E,"Missing",0),200) -> 0
A37: witch, witch porn, witch milf, witch sex, witch xxx, sexy witch, hentai witch, witch fetish, witch blowjob, witch strip, halloween witch porn, demon witch sex | B37: {=INDEX(_xlfn.TEXTSPLIT(A37,","),1)} -> witch | C37: =IFERROR(_xlfn.XLOOKUP(B37,Sheet2!A:A,Sheet2!B:B,"Missing",0),200) -> 100.04883 | D37: =IFERROR(_xlfn.XLOOKUP(B37,Sheet2!A:A,Sheet2!C:C,"Missing",0),200) -> 1 | E37: =IFERROR(_xlfn.XLOOKUP(B37,Sheet2!A:A,Sheet2!D:D,"Missing",0),200) -> 100.04883 | F37: =IFERROR(_xlfn.XLOOKUP(C37,Sheet2!B:B,Sheet2!E:E,"Missing",0),200) -> 0
A38: spanish, spanish porn, spanish sex, spanish milf, spanish teen, spanish anal, spanish blowjob, spanish videos, hot spanish girl, spanish xxx, spanish amateur, spanish creampie | B38: {=INDEX(_xlfn.TEXTSPLIT(A38,","),1)} -> spanish | C38: =IFERROR(_xlfn.XLOOKUP(B38,Sheet2!A:A,Sheet2!B:B,"Missing",0),200) -> 100.054 | D38: =IFERROR(_xlfn.XLOOKUP(B38,Sheet2!A:A,Sheet2!C:C,"Missing",0),200) -> 1 | E38: =IFERROR(_xlfn.XLOOKUP(B38,Sheet2!A:A,Sheet2!D:D,"Missing",0),200) -> 100.054 | F38: =IFERROR(_xlfn.XLOOKUP(C38,Sheet2!B:B,Sheet2!E:E,"Missing",0),200) -> 0
A39: triple, triple penetration porn, triple xxx, triple sex, triple milf, triple fetish, triple anal, double anal triple, triple creampie, triple blowjob, hardcore triple, triple gangbang | B39: {=INDEX(_xlfn.TEXTSPLIT(A39,","),1)} -> triple | C39: =IFERROR(_xlfn.XLOOKUP(B39,Sheet2!A:A,Sheet2!B:B,"Missing",0),200) -> 100.06015 | D39: =IFERROR(_xlfn.XLOOKUP(B39,Sheet2!A:A,Sheet2!C:C,"Missing",0),200) -> 1 | E39: =IFERROR(_xlfn.XLOOKUP(B39,Sheet2!A:A,Sheet2!D:D,"Missing",0),200) -> 100.06015 | F39: =IFERROR(_xlfn.XLOOKUP(C39,Sheet2!B:B,Sheet2!E:E,"Missing",0),200) -> 0
A40: milking, milking porn, cock milking, milking fetish, milking machine, milking xxx, milking blowjob, milking domination, prostate milking, milking creampie, milking video, milking orgasm | B40: {=INDEX(_xlfn.TEXTSPLIT(A40,","),1)} -> milking | C40: =IFERROR(_xlfn.XLOOKUP(B40,Sheet2!A:A,Sheet2!B:B,"Missing",0),200) -> 100.07146 | D40: =IFERROR(_xlfn.XLOOKUP(B40,Sheet2!A:A,Sheet2!C:C,"Missing",0),200) -> 1 | E40: =IFERROR(_xlfn.XLOOKUP(B40,Sheet2!A:A,Sheet2!D:D,"Missing",0),200) -> 100.07146 | F40: =IFERROR(_xlfn.XLOOKUP(C40,Sheet2!B:B,Sheet2!E:E,"Missing",0),200) -> 0
A41: machine, sex machine porn, fucking machine, machine penetration, machine xxx, machine blowjob, machine anal, machine milf, machine dildo, sex machine milfs, extreme machine, bondage machine | B41: {=INDEX(_xlfn.TEXTSPLIT(A41,","),1)} -> machine | C41: =IFERROR(_xlfn.XLOOKUP(B41,Sheet2!A:A,Sheet2!B:B,"Missing",0),200) -> 100.07603 | D41: =IFERROR(_xlfn.XLOOKUP(B41,Sheet2!A:A,Sheet2!C:C,"Missing",0),200) -> 1 | E41: =IFERROR(_xlfn.XLOOKUP(B41,Sheet2!A:A,Sheet2!D:D,"Missing",0),200) -> 100.07603 | F41: =IFERROR(_xlfn.XLOOKUP(C41,Sheet2!B:B,Sheet2!E:E,"Missing",0),200) -> 0
A42: master, master porn, master domination, bdsm master, master xxx, master milf, master fetish, sex master, master blowjob, master anal, master roleplay, master video | B42: {=INDEX(_xlfn.TEXTSPLIT(A42,","),1)} -> master | C42: =IFERROR(_xlfn.XLOOKUP(B42,Sheet2!A:A,Sheet2!B:B,"Missing",0),200) -> 100.08792 | D42: =IFERROR(_xlfn.XLOOKUP(B42,Sheet2!A:A,Sheet2!C:C,"Missing",0),200) -> 1 | E42: =IFERROR(_xlfn.XLOOKUP(B42,Sheet2!A:A,Sheet2!D:D,"Missing",0),200) -> 100.08792 | F42: =IFERROR(_xlfn.XLOOKUP(C42,Sheet2!B:B,Sheet2!E:E,"Missing",0),200) -> 0
A43: toilet, toilet porn, toilet fetish, toilet xxx, toilet milf, toilet domination, toilet anal, toilet blowjob, using toilet fetish, toilet roleplay, extreme toilet play, toilet cam | B43: {=INDEX(_xlfn.TEXTSPLIT(A43,","),1)} -> toilet | C43: =IFERROR(_xlfn.XLOOKUP(B43,Sheet2!A:A,Sheet2!B:B,"Missing",0),200) -> 100.09983 | D43: =IFERROR(_xlfn.XLOOKUP(B43,Sheet2!A:A,Sheet2!C:C,"Missing",0),200) -> 1 | E43: =IFERROR(_xlfn.XLOOKUP(B43,Sheet2!A:A,Sheet2!D:D,"Missing",0),200) -> 100.09983 | F43: =IFERROR(_xlfn.XLOOKUP(C43,Sheet2!B:B,Sheet2!E:E,"Missing",0),200) -> 0
A44: trans, trans porn, shemale porn, shemale sex, sexy trans girl, trans cam, trans video, trans fetish, trans blowjob, shemale anal, trans big tits, shemale cock | B44: {=INDEX(_xlfn.TEXTSPLIT(A44,","),1)} -> trans | C44: =IFERROR(_xlfn.XLOOKUP(B44,Sheet2!A:A,Sheet2!B:B,"Missing",0),200) -> 100.103 | D44: =IFERROR(_xlfn.XLOOKUP(B44,Sheet2!A:A,Sheet2!C:C,"Missing",0),200) -> 1 | E44: =IFERROR(_xlfn.XLOOKUP(B44,Sheet2!A:A,Sheet2!D:D,"Missing",0),200) -> 100.103 | F44: =IFERROR(_xlfn.XLOOKUP(C44,Sheet2!B:B,Sheet2!E:E,"Missing",0),200) -> 0
A45: rope, rope porn, rope bondage, rope milf, rope xxx, rope sex, rope blowjob, japanese rope, rope fetish, rope slave, rope milf sex, rope amateur | B45: {=INDEX(_xlfn.TEXTSPLIT(A45,","),1)} -> rope | C45: =IFERROR(_xlfn.XLOOKUP(B45,Sheet2!A:A,Sheet2!B:B,"Missing",0),200) -> 100.50426 | D45: =IFERROR(_xlfn.XLOOKUP(B45,Sheet2!A:A,Sheet2!C:C,"Missing",0),200) -> 1 | E45: =IFERROR(_xlfn.XLOOKUP(B45,Sheet2!A:A,Sheet2!D:D,"Missing",0),200) -> 100.50426 | F45: =IFERROR(_xlfn.XLOOKUP(C45,Sheet2!B:B,Sheet2!E:E,"Missing",0),200) -> 0
A46: dental, dental porn, dentist fetish, dental xxx, dental sex, dental blowjob, dentist milf, dental compilation, dental tools fetish, patient dentist porn, dental anal, dental videos | B46: {=INDEX(_xlfn.TEXTSPLIT(A46,","),1)} -> dental | C46: =IFERROR(_xlfn.XLOOKUP(B46,Sheet2!A:A,Sheet2!B:B,"Missing",0),200) -> 1078.4153 | D46: =IFERROR(_xlfn.XLOOKUP(B46,Sheet2!A:A,Sheet2!C:C,"Missing",0),200) -> 10 | E46: =IFERROR(_xlfn.XLOOKUP(B46,Sheet2!A:A,Sheet2!D:D,"Missing",0),200) -> 107.84153 | F46: =IFERROR(_xlfn.XLOOKUP(C46,Sheet2!B:B,Sheet2!E:E,"Missing",0),200) -> 0
... A55: belly, belly porn, belly fetish, belly milf, belly sex, belly licking, belly cumshot, belly videos, pregnant belly porn, belly rub porn, belly button fetish, belly xxx | B55: {=INDEX(_xlfn.TEXTSPLIT(A55,","),1)} -> belly | C55: =IFERROR(_xlfn.XLOOKUP(B55,Sheet2!A:A,Sheet2!B:B,"Missing",0),200) -> 144.103 | D55: =IFERROR(_xlfn.XLOOKUP(B55,Sheet2!A:A,Sheet2!C:C,"Missing",0),200) -> 1 | E55: =IFERROR(_xlfn.XLOOKUP(B55,Sheet2!A:A,Sheet2!D:D,"Missing",0),200) -> 144.103 | F55: =IFERROR(_xlfn.XLOOKUP(C55,Sheet2!B:B,Sheet2!E:E,"Missing",0),200) -> 0
A56: JOI, JERK off instructions, Jerk Off Instructions, JOI sex, JOI fantasy, JOI encounter, JOI lovers, JOI relationship, JOI pleasure, JOI experience, JOI community, JOI fan, JOI content, JOI event | B56: {=INDEX(_xlfn.TEXTSPLIT(A56,","),1)} -> JOI | C56: =IFERROR(_xlfn.XLOOKUP(B56,Sheet2!A:A,Sheet2!B:B,"Missing",0),200) -> 145.341 | D56: =IFERROR(_xlfn.XLOOKUP(B56,Sheet2!A:A,Sheet2!C:C,"Missing",0),200) -> 1 | E56: =IFERROR(_xlfn.XLOOKUP(B56,Sheet2!A:A,Sheet2!D:D,"Missing",0),200) -> 145.341 | F56: All Platform
A57: creampie, creampie porn, creampie sex, creampie xxx, creampie compilation, anal creampie, asian creampie, teen creampie, creampie gangbang, double creampie, pov creampie, milf creampie | B57: {=INDEX(_xlfn.TEXTSPLIT(A57,","),1)} -> creampie | C57: =IFERROR(_xlfn.XLOOKUP(B57,Sheet2!A:A,Sheet2!B:B,"Missing",0),200) -> 3110.9768 | D57: =IFERROR(_xlfn.XLOOKUP(B57,Sheet2!A:A,Sheet2!C:C,"Missing",0),200) -> 21 | E57: =IFERROR(_xlfn.XLOOKUP(B57,Sheet2!A:A,Sheet2!D:D,"Missing",0),200) -> 148.14175 | F57: =IFERROR(_xlfn.XLOOKUP(C57,Sheet2!B:B,Sheet2!E:E,"Missing",0),200) -> 0
A58: power, power porn, power hentai, power xxx, naked power, power cosplay, power blowjob, power porn videos, chainsaw man power sex, power parody porn, power hentai videos, power nude hentai | B58: {=INDEX(_xlfn.TEXTSPLIT(A58,","),1)} -> power | C58: =IFERROR(_xlfn.XLOOKUP(B58,Sheet2!A:A,Sheet2!B:B,"Missing",0),200) -> 862.38698 | D58: =IFERROR(_xlfn.XLOOKUP(B58,Sheet2!A:A,Sheet2!C:C,"Missing",0),200) -> 5 | E58: =IFERROR(_xlfn.XLOOKUP(B58,Sheet2!A:A,Sheet2!D:D,"Missing",0),200) -> 172.4774 | F58: =IFERROR(_xlfn.XLOOKUP(C58,Sheet2!B:B,Sheet2!E:E,"Missing",0),200) -> 0
A59: wife, wife sex, sexy wife, hot wife, cheating wife, amateur wife, wife videos, wife swap, wife porn, mature wife, wife xxx, wife sharing | B59: {=INDEX(_xlfn.TEXTSPLIT(A59,","),1)} -> wife | C59: =IFERROR(_xlfn.XLOOKUP(B59,Sheet2!A:A,Sheet2!B:B,"Missing",0),200) -> 179.554 | D59: =IFERROR(_xlfn.XLOOKUP(B59,Sheet2!A:A,Sheet2!C:C,"Missing",0),200) -> 1 | E59: =IFERROR(_xlfn.XLOOKUP(B59,Sheet2!A:A,Sheet2!D:D,"Missing",0),200) -> 179.554 | F59: =IFERROR(_xlfn.XLOOKUP(C59,Sheet2!B:B,Sheet2!E:E,"Missing",0),200) -> 0
A60: hairy, hairy porn, hairy pussy, hairy milf, hairy teen, hairy creampie, hairy xxx, hairy blowjob, natural hairy porn, hairy anal, hairy fetish, hairy vintage porn | B60: {=INDEX(_xlfn.TEXTSPLIT(A60,","),1)} -> hairy | C60: =IFERROR(_xlfn.XLOOKUP(B60,Sheet2!A:A,Sheet2!B:B,"Missing",0),200) -> 1991.8966 | D60: =IFERROR(_xlfn.XLOOKUP(B60,Sheet2!A:A,Sheet2!C:C,"Missing",0),200) -> 11 | E60: =IFERROR(_xlfn.XLOOKUP(B60,Sheet2!A:A,Sheet2!D:D,"Missing",0),200) -> 181.08151 | F60: =IFERROR(_xlfn.XLOOKUP(C60,Sheet2!B:B,Sheet2!E:E,"Missing",0),200) -> 0
A61: emo, emo porn, emo teen, sexy emo, emo blowjob, emo sex, emo xxx, emo anal, emo milf, emo amateur, emo creampie, emo goth | B61: {=INDEX(_xlfn.TEXTSPLIT(A61,","),1)} -> emo | C61: =IFERROR(_xlfn.XLOOKUP(B61,Sheet2!A:A,Sheet2!B:B,"Missing",0),200) -> 100.2646 | D61: =IFERROR(_xlfn.XLOOKUP(B61,Sheet2!A:A,Sheet2!C:C,"Missing",0),200) -> 0 | E61: =IFERROR(_xlfn.XLOOKUP(B61,Sheet2!A:A,Sheet2!D:D,"Missing",0),200) -> 200 | F61: =IFERROR(_xlfn.XLOOKUP(C61,Sheet2!B:B,Sheet2!E:E,"Missing",0),200) -> 0
A62: alien, alien porn, alien sex, alien hentai, alien milf, alien xxx, alien fetish, alien blowjob, alien compilation, alien gangbang, alien roleplay, alien anime porn | B62: {=INDEX(_xlfn.TEXTSPLIT(A62,","),1)} -> alien | C62: =IFERROR(_xlfn.XLOOKUP(B62,Sheet2!A:A,Sheet2!B:B,"Missing",0),200) -> 100.11518 | D62: =IFERROR(_xlfn.XLOOKUP(B62,Sheet2!A:A,Sheet2!C:C,"Missing",0),200) -> 0 | E62: =IFERROR(_xlfn.XLOOKUP(B62,Sheet2!A:A,Sheet2!D:D,"Missing",0),200) -> 200 | F62: =IFERROR(_xlfn.XLOOKUP(C62,Sheet2!B:B,Sheet2!E:E,"Missing",0),200) -> 0
A63: doll, doll porn, sex doll porn, doll fetish, doll sex, life size doll porn, inflatable doll porn, doll milf, doll blowjob, doll xxx, doll videos, doll cosplay | B63: {=INDEX(_xlfn.TEXTSPLIT(A63,","),1)} -> doll | C63: =IFERROR(_xlfn.XLOOKUP(B63,Sheet2!A:A,Sheet2!B:B,"Missing",0),200) -> 100.10045 | D63: =IFERROR(_xlfn.XLOOKUP(B63,Sheet2!A:A,Sheet2!C:C,"Missing",0),200) -> 0 | E63: =IFERROR(_xlfn.XLOOKUP(B63,Sheet2!A:A,Sheet2!D:D,"Missing",0),200) -> 200 | F63: =IFERROR(_xlfn.XLOOKUP(C63,Sheet2!B:B,Sheet2!E:E,"Missing",0),200) -> 0
A64: pinay, pinay porn, sexy pinay, pinay sex, hot pinay, filipina porn, filipina sex, pinay video, pinay amateur, filipina milf, filipina xxx, pinay scandal | B64: {=INDEX(_xlfn.TEXTSPLIT(A64,","),1)} -> pinay | C64: =IFERROR(_xlfn.XLOOKUP(B64,Sheet2!A:A,Sheet2!B:B,"Missing",0),200) -> 100.05953 | D64: =IFERROR(_xlfn.XLOOKUP(B64,Sheet2!A:A,Sheet2!C:C,"Missing",0),200) -> 0 | E64: =IFERROR(_xlfn.XLOOKUP(B64,Sheet2!A:A,Sheet2!D:D,"Missing",0),200) -> 200 | F64: =IFERROR(_xlfn.XLOOKUP(C64,Sheet2!B:B,Sheet2!E:E,"Missing",0),200) -> 0
A65: maledom, maledom porn, male domination porn, maledom bdsm, maledom milf, maledom teen, maledom xxx, male dominating female, maledom blowjob, maledom anal, maledom slaves, alpha male porn | B65: {=INDEX(_xlfn.TEXTSPLIT(A65,","),1)} -> maledom | C65: =IFERROR(_xlfn.XLOOKUP(B65,Sheet2!A:A,Sheet2!B:B,"Missing",0),200) -> 100.05593 | D65: =IFERROR(_xlfn.XLOOKUP(B65,Sheet2!A:A,Sheet2!C:C,"Missing",0),200) -> 0 | E65: =IFERROR(_xlfn.XLOOKUP(B65,Sheet2!A:A,Sheet2!D:D,"Missing",0),200) -> 200 | F65: =IFERROR(_xlfn.XLOOKUP(C65,Sheet2!B:B,Sheet2!E:E,"Missing",0),200) -> 0
A66: french, french porn, french sex, french teen, french milf, french blowjob, french anal, french xxx, hot french girl, french amateur, french creampie, french videos | B66: {=INDEX(_xlfn.TEXTSPLIT(A66,","),1)} -> french | C66: =IFERROR(_xlfn.XLOOKUP(B66,Sheet2!A:A,Sheet2!B:B,"Missing",0),200) -> 100.05454 | D66: =IFERROR(_xlfn.XLOOKUP(B66,Sheet2!A:A,Sheet2!C:C,"Missing",0),200) -> 0 | E66: =IFERROR(_xlfn.XLOOKUP(B66,Sheet2!A:A,Sheet2!D:D,"Missing",0),200) -> 200 | F66: =IFERROR(_xlfn.XLOOKUP(C66,Sheet2!B:B,Sheet2!E:E,"Missing",0),200) -> 0
A67: italian, italian porn, italian sex, italian milf, italian teen, italian blowjob, italian anal, italian xxx, italian amateur, hot italian girl, italian creampie, italian videos | B67: {=INDEX(_xlfn.TEXTSPLIT(A67,","),1)} -> italian | C67: =IFERROR(_xlfn.XLOOKUP(B67,Sheet2!A:A,Sheet2!B:B,"Missing",0),200) -> 100.04936 | D67: =IFERROR(_xlfn.XLOOKUP(B67,Sheet2!A:A,Sheet2!C:C,"Missing",0),200) -> 0 | E67: =IFERROR(_xlfn.XLOOKUP(B67,Sheet2!A:A,Sheet2!D:D,"Missing",0),200) -> 200 | F67: =IFERROR(_xlfn.XLOOKUP(C67,Sheet2!B:B,Sheet2!E:E,"Missing",0),200) -> 0
A68: medical, medical porn, doctor fetish, nurse fetish, gyno exam porn, medical sex, hospital porn, medical xxx, medical milf, sexy doctor, patient nurse sex, medical roleplay | B68: {=INDEX(_xlfn.TEXTSPLIT(A68,","),1)} -> medical | C68: =IFERROR(_xlfn.XLOOKUP(B68,Sheet2!A:A,Sheet2!B:B,"Missing",0),200) -> 100.04608 | D68: =IFERROR(_xlfn.XLOOKUP(B68,Sheet2!A:A,Sheet2!C:C,"Missing",0),200) -> 0 | E68: =IFERROR(_xlfn.XLOOKUP(B68,Sheet2!A:A,Sheet2!D:D,"Missing",0),200) -> 200 | F68: =IFERROR(_xlfn.XLOOKUP(C68,Sheet2!B:B,Sheet2!E:E,"Missing",0),200) -> 0
... A71: whipping, whipping porn, whipping fetish, whipping milf, whipping bdsm, whipping domination, whipping girl, whipping videos, whipping slave, whipping xxx, whipping compilation, whipping roleplay | B71: {=INDEX(_xlfn.TEXTSPLIT(A71,","),1)} -> whipping | C71: =IFERROR(_xlfn.XLOOKUP(B71,Sheet2!A:A,Sheet2!B:B,"Missing",0),200) -> 100.03155 | D71: =IFERROR(_xlfn.XLOOKUP(B71,Sheet2!A:A,Sheet2!C:C,"Missing",0),200) -> 0 | E71: =IFERROR(_xlfn.XLOOKUP(B71,Sheet2!A:A,Sheet2!D:D,"Missing",0),200) -> 200 | F71: =IFERROR(_xlfn.XLOOKUP(C71,Sheet2!B:B,Sheet2!E:E,"Missing",0),200) -> 0
A72: nami, nami porn, nami hentai, nami xxx, naked nami, nami cosplay, nami blowjob, nami porn videos, one piece nami sex, nami parody porn, nami hentai videos, nami nude hentai | B72: {=INDEX(_xlfn.TEXTSPLIT(A72,","),1)} -> nami | C72: =IFERROR(_xlfn.XLOOKUP(B72,Sheet2!A:A,Sheet2!B:B,"Missing",0),200) -> 100.0308 | D72: =IFERROR(_xlfn.XLOOKUP(B72,Sheet2!A:A,Sheet2!C:C,"Missing",0),200) -> 0 | E72: =IFERROR(_xlfn.XLOOKUP(B72,Sheet2!A:A,Sheet2!D:D,"Missing",0),200) -> 200 | F72: All Platform
A73: denial, orgasm denial, denial fetish, denial porn, denial xxx, denial compilation, denial milf, denial domination, denial sex, denial blowjob, orgasm denial bdsm, cum denial | B73: {=INDEX(_xlfn.TEXTSPLIT(A73,","),1)} -> denial | C73: =IFERROR(_xlfn.XLOOKUP(B73,Sheet2!A:A,Sheet2!B:B,"Missing",0),200) -> 100.02424 | D73: =IFERROR(_xlfn.XLOOKUP(B73,Sheet2!A:A,Sheet2!C:C,"Missing",0),200) -> 0 | E73: =IFERROR(_xlfn.XLOOKUP(B73,Sheet2!A:A,Sheet2!D:D,"Missing",0),200) -> 200 | F73: =IFERROR(_xlfn.XLOOKUP(C73,Sheet2!B:B,Sheet2!E:E,"Missing",0),200) -> 0
A74: redhead, redhead porn, hot redhead, sexy redhead, redhead teen, redhead milf, busty redhead, redhead xxx, ginger porn, redhead blowjob, redhead anal, natural redhead | B74: {=INDEX(_xlfn.TEXTSPLIT(A74,","),1)} -> redhead | C74: =IFERROR(_xlfn.XLOOKUP(B74,Sheet2!A:A,Sheet2!B:B,"Missing",0),200) -> 100.017 | D74: =IFERROR(_xlfn.XLOOKUP(B74,Sheet2!A:A,Sheet2!C:C,"Missing",0),200) -> 0 | E74: =IFERROR(_xlfn.XLOOKUP(B74,Sheet2!A:A,Sheet2!D:D,"Missing",0),200) -> 200 | F74: =IFERROR(_xlfn.XLOOKUP(C74,Sheet2!B:B,Sheet2!E:E,"Missing",0),200) -> 0
A75: link, link porn, link hentai, link xxx, naked link, link cosplay, link blowjob, link porn videos, link zelda sex, link parody porn, link hentai videos, link nude hentai | B75: {=INDEX(_xlfn.TEXTSPLIT(A75,","),1)} -> link | C75: =IFERROR(_xlfn.XLOOKUP(B75,Sheet2!A:A,Sheet2!B:B,"Missing",0),200) -> 100.01654 | D75: =IFERROR(_xlfn.XLOOKUP(B75,Sheet2!A:A,Sheet2!C:C,"Missing",0),200) -> 0 | E75: =IFERROR(_xlfn.XLOOKUP(B75,Sheet2!A:A,Sheet2!D:D,"Missing",0),200) -> 200 | F75: =IFERROR(_xlfn.XLOOKUP(C75,Sheet2!B:B,Sheet2!E:E,"Missing",0),200) -> 0
A76: tattoo, tattooed porn, tattoo milf, tattooed teen, tattoo sex, tattoo blowjob, tattoo creampie, tattoo girl xxx, hot tattoo porn, busty tattoo girl, tattoo anal, tattoo compilation | B76: {=INDEX(_xlfn.TEXTSPLIT(A76,","),1)} -> tattoo | C76: =IFERROR(_xlfn.XLOOKUP(B76,Sheet2!A:A,Sheet2!B:B,"Missing",0),200) -> 100.015 | D76: =IFERROR(_xlfn.XLOOKUP(B76,Sheet2!A:A,Sheet2!C:C,"Missing",0),200) -> 0 | E76: =IFERROR(_xlfn.XLOOKUP(B76,Sheet2!A:A,Sheet2!D:D,"Missing",0),200) -> 200 | F76: =IFERROR(_xlfn.XLOOKUP(C76,Sheet2!B:B,Sheet2!E:E,"Missing",0),200) -> 0
A77: fetish, fetish porn, fetish sex, bdsm fetish, fetish xxx, foot fetish, fetish latex, asian fetish, fetish milf, fetish blowjob, kinky fetish, fetish video | B77: {=INDEX(_xlfn.TEXTSPLIT(A77,","),1)} -> fetish | C77: =IFERROR(_xlfn.XLOOKUP(B77,Sheet2!A:A,Sheet2!B:B,"Missing",0),200) -> 100.013 | D77: =IFERROR(_xlfn.XLOOKUP(B77,Sheet2!A:A,Sheet2!C:C,"Missing",0),200) -> 0 | E77: =IFERROR(_xlfn.XLOOKUP(B77,Sheet2!A:A,Sheet2!D:D,"Missing",0),200) -> 200 | F77: =IFERROR(_xlfn.XLOOKUP(C77,Sheet2!B:B,Sheet2!E:E,"Missing",0),200) -> 0
A78: thailand, thai porn, thai sex, thai teen, thai blowjob, thai milf, thai xxx, hot thai girl, thai anal, thai amateur, thai creampie, thai videos | B78: {=INDEX(_xlfn.TEXTSPLIT(A78,","),1)} -> thailand | C78: =IFERROR(_xlfn.XLOOKUP(B78,Sheet2!A:A,Sheet2!B:B,"Missing",0),200) -> 100.01253 | D78: =IFERROR(_xlfn.XLOOKUP(B78,Sheet2!A:A,Sheet2!C:C,"Missing",0),200) -> 0 | E78: =IFERROR(_xlfn.XLOOKUP(B78,Sheet2!A:A,Sheet2!D:D,"Missing",0),200) -> 200 | F78: =IFERROR(_xlfn.XLOOKUP(C78,Sheet2!B:B,Sheet2!E:E,"Missing",0),200) -> 0
A79: bleach, bleach porn, bleach hentai, bleach xxx, rangiku porn, orihime porn, bleach cosplay, bleach parody, rangiku hentai, orihime hentai, bleach sex, bleach porn videos | B79: {=INDEX(_xlfn.TEXTSPLIT(A79,","),1)} -> bleach | C79: =IFERROR(_xlfn.XLOOKUP(B79,Sheet2!A:A,Sheet2!B:B,"Missing",0),200) -> 100.01102 | D79: =IFERROR(_xlfn.XLOOKUP(B79,Sheet2!A:A,Sheet2!C:C,"Missing",0),200) -> 0 | E79: =IFERROR(_xlfn.XLOOKUP(B79,Sheet2!A:A,Sheet2!D:D,"Missing",0),200) -> 200 | F79: =IFERROR(_xlfn.XLOOKUP(C79,Sheet2!B:B,Sheet2!E:E,"Missing",0),200) -> 0
A80: dp, double penetration, dp porn, dp milf, anal dp, dp xxx, dp compilation, double anal, dp gangbang, dp fetish, dp amateur, dp teen | B80: {=INDEX(_xlfn.TEXTSPLIT(A80,","),1)} -> dp | C80: =IFERROR(_xlfn.XLOOKUP(B80,Sheet2!A:A,Sheet2!B:B,"Missing",0),200) -> 100.011 | D80: =IFERROR(_xlfn.XLOOKUP(B80,Sheet2!A:A,Sheet2!C:C,"Missing",0),200) -> 0 | E80: =IFERROR(_xlfn.XLOOKUP(B80,Sheet2!A:A,Sheet2!D:D,"Missing",0),200) -> 200 | F80: =IFERROR(_xlfn.XLOOKUP(C80,Sheet2!B:B,Sheet2!E:E,"Missing",0),200) -> 0
A81: enema, enema porn, enema fetish, enema sex, enema milf, anal enema, enema xxx, enema videos, extreme enema, enema domination, enema play, cosplay enema | B81: {=INDEX(_xlfn.TEXTSPLIT(A81,","),1)} -> enema | C81: =IFERROR(_xlfn.XLOOKUP(B81,Sheet2!A:A,Sheet2!B:B,"Missing",0),200) -> 100.00929 | D81: =IFERROR(_xlfn.XLOOKUP(B81,Sheet2!A:A,Sheet2!C:C,"Missing",0),200) -> 0 | E81: =IFERROR(_xlfn.XLOOKUP(B81,Sheet2!A:A,Sheet2!D:D,"Missing",0),200) -> 200 | F81: =IFERROR(_xlfn.XLOOKUP(C81,Sheet2!B:B,Sheet2!E:E,"Missing",0),200) -> 0
A82: bondage, bondage porn, bondage sex, bondage xxx, bondage milf, japanese bondage, hardcore bondage, teen bondage, handcuff porn, rope bondage, leather bondage, bdsm bondage | B82: {=INDEX(_xlfn.TEXTSPLIT(A82,","),1)} -> bondage | C82: =IFERROR(_xlfn.XLOOKUP(B82,Sheet2!A:A,Sheet2!B:B,"Missing",0),200) -> 100.009 | D82: =IFERROR(_xlfn.XLOOKUP(B82,Sheet2!A:A,Sheet2!C:C,"Missing",0),200) -> 0 | E82: =IFERROR(_xlfn.XLOOKUP(B82,Sheet2!A:A,Sheet2!D:D,"Missing",0),200) -> 200 | F82: =IFERROR(_xlfn.XLOOKUP(C82,Sheet2!B:B,Sheet2!E:E,"Missing",0),200) -> 0
A83: da, double anal porn, double anal sex, double anal milf, double anal teen, double anal xxx, extreme double anal, double anal gangbang, double anal fetish, double anal compilation, double anal rough, double anal amateur | B83: {=INDEX(_xlfn.TEXTSPLIT(A83,","),1)} -> da | C83: =IFERROR(_xlfn.XLOOKUP(B83,Sheet2!A:A,Sheet2!B:B,"Missing",0),200) -> 100.009 | D83: =IFERROR(_xlfn.XLOOKUP(B83,Sheet2!A:A,Sheet2!C:C,"Missing",0),200) -> 0 | E83: =IFERROR(_xlfn.XLOOKUP(B83,Sheet2!A:A,Sheet2!D:D,"Missing",0),200) -> 200 | F83: =IFERROR(_xlfn.XLOOKUP(C83,Sheet2!B:B,Sheet2!E:E,"Missing",0),200) -> 0
A84: thick, thick porn, thick girl, thick milf, sexy thick, thick amateur, bbw thick, thick latina, thick anal, thick blowjob, thick ass, thick xxx | B84: {=INDEX(_xlfn.TEXTSPLIT(A84,","),1)} -> thick | C84: =IFERROR(_xlfn.XLOOKUP(B84,Sheet2!A:A,Sheet2!B:B,"Missing",0),200) -> 100.008 | D84: =IFERROR(_xlfn.XLOOKUP(B84,Sheet2!A:A,Sheet2!C:C,"Missing",0),200) -> 0 | E84: =IFERROR(_xlfn.XLOOKUP(B84,Sheet2!A:A,Sheet2!D:D,"Missing",0),200) -> 200 | F84: =IFERROR(_xlfn.XLOOKUP(C84,Sheet2!B:B,Sheet2!E:E,"Missing",0),200) -> 0
... A90: moana, moana porn, moana cosplay, moana hentai, moana xxx, naked moana, moana parody, moana blowjob, moana nude hentai, moana parody porn, moana hentai videos, moana videos | B90: {=INDEX(_xlfn.TEXTSPLIT(A90,","),1)} -> moana | C90: =IFERROR(_xlfn.XLOOKUP(B90,Sheet2!A:A,Sheet2!B:B,"Missing",0),200) -> 100.00393 | D90: =IFERROR(_xlfn.XLOOKUP(B90,Sheet2!A:A,Sheet2!C:C,"Missing",0),200) -> 0 | E90: =IFERROR(_xlfn.XLOOKUP(B90,Sheet2!A:A,Sheet2!D:D,"Missing",0),200) -> 200 | F90: =IFERROR(_xlfn.XLOOKUP(C90,Sheet2!B:B,Sheet2!E:E,"Missing",0),200) -> 0
A91: giant, giant porn, giant fetish, giant milf, giant xxx, giant domination, giant sex, giant feet fetish, giantess roleplay, giant blowjob, giant crush, macro fetish | B91: {=INDEX(_xlfn.TEXTSPLIT(A91,","),1)} -> giant | C91: =IFERROR(_xlfn.XLOOKUP(B91,Sheet2!A:A,Sheet2!B:B,"Missing",0),200) -> 72.858 | D91: =IFERROR(_xlfn.XLOOKUP(B91,Sheet2!A:A,Sheet2!C:C,"Missing",0),200) -> 0 | E91: =IFERROR(_xlfn.XLOOKUP(B91,Sheet2!A:A,Sheet2!D:D,"Missing",0),200) -> 200 | F91: All Platform
A92: shower, shower porn, shower sex, hot shower, shower teen, shower milf, shower blowjob, shower xxx, shower masturbation, shower lesbian, shower anal, shower videos | B92: {=INDEX(_xlfn.TEXTSPLIT(A92,","),1)} -> shower | C92: =IFERROR(_xlfn.XLOOKUP(B92,Sheet2!A:A,Sheet2!B:B,"Missing",0),200) -> 65.092 | D92: =IFERROR(_xlfn.XLOOKUP(B92,Sheet2!A:A,Sheet2!C:C,"Missing",0),200) -> 0 | E92: =IFERROR(_xlfn.XLOOKUP(B92,Sheet2!A:A,Sheet2!D:D,"Missing",0),200) -> 200 | F92: =IFERROR(_xlfn.XLOOKUP(C92,Sheet2!B:B,Sheet2!E:E,"Missing",0),200) -> 0
A93: mask, masked porn, masked sex, mask fetish, mask milf, mask blowjob, masked xxx, sexy mask, gas mask fetish, latex mask porn, masked compilation, masked anal | B93: {=INDEX(_xlfn.TEXTSPLIT(A93,","),1)} -> mask | C93: =IFERROR(_xlfn.XLOOKUP(B93,Sheet2!A:A,Sheet2!B:B,"Missing",0),200) -> 57.255887 | D93: =IFERROR(_xlfn.XLOOKUP(B93,Sheet2!A:A,Sheet2!C:C,"Missing",0),200) -> 0 | E93: =IFERROR(_xlfn.XLOOKUP(B93,Sheet2!A:A,Sheet2!D:D,"Missing",0),200) -> 200 | F93: =IFERROR(_xlfn.XLOOKUP(C93,Sheet2!B:B,Sheet2!E:E,"Missing",0),200) -> 0
A94: nun, nun porn, sexy nun, nun milf, nun xxx, naughty nun, nun blowjob, nun anal, nun fetish, nun creampie, nun masturbation, nun costume porn | B94: {=INDEX(_xlfn.TEXTSPLIT(A94,","),1)} -> nun | C94: =IFERROR(_xlfn.XLOOKUP(B94,Sheet2!A:A,Sheet2!B:B,"Missing",0),200) -> 55.589268 | D94: =IFERROR(_xlfn.XLOOKUP(B94,Sheet2!A:A,Sheet2!C:C,"Missing",0),200) -> 0 | E94: =IFERROR(_xlfn.XLOOKUP(B94,Sheet2!A:A,Sheet2!D:D,"Missing",0),200) -> 200 | F94: =IFERROR(_xlfn.XLOOKUP(C94,Sheet2!B:B,Sheet2!E:E,"Missing",0),200) -> 0
A95: Marvel, Black Widow, Captain Marvel, Scarlet Witch, Marvel sex, Marvel fantasy, Marvel encounter, Marvel lovers, Marvel relationship, Marvel superhero, Marvel comic, Marvel movie | B95: {=INDEX(_xlfn.TEXTSPLIT(A95,","),1)} -> Marvel | C95: =IFERROR(_xlfn.XLOOKUP(B95,Sheet2!A:A,Sheet2!B:B,"Missing",0),200) -> 39.2922 | D95: =IFERROR(_xlfn.XLOOKUP(B95,Sheet2!A:A,Sheet2!C:C,"Missing",0),200) -> 0 | E95: =IFERROR(_xlfn.XLOOKUP(B95,Sheet2!A:A,Sheet2!D:D,"Missing",0),200) -> 200 | F95: =IFERROR(_xlfn.XLOOKUP(C95,Sheet2!B:B,Sheet2!E:E,"Missing",0),200) -> 0
A96: angel, angel porn, hentai angel, angel sex, angel milf, angel creampie, angel blowjob, fallen angel porn, angel xxx, angel gangbang, angel fetish, angel anime hentai | B96: {=INDEX(_xlfn.TEXTSPLIT(A96,","),1)} -> angel | C96: =IFERROR(_xlfn.XLOOKUP(B96,Sheet2!A:A,Sheet2!B:B,"Missing",0),200) -> 39.169 | D96: =IFERROR(_xlfn.XLOOKUP(B96,Sheet2!A:A,Sheet2!C:C,"Missing",0),200) -> 0 | E96: =IFERROR(_xlfn.XLOOKUP(B96,Sheet2!A:A,Sheet2!D:D,"Missing",0),200) -> 200 | F96: =IFERROR(_xlfn.XLOOKUP(C96,Sheet2!B:B,Sheet2!E:E,"Missing",0),200) -> 0
A97: vore, vore porn, vore fetish, vore hentai, vore sex, vore xxx, vore milf, vore domination, vore anime, vore giantess, vore video, vore hardcore | B97: {=INDEX(_xlfn.TEXTSPLIT(A97,","),1)} -> vore | C97: =IFERROR(_xlfn.XLOOKUP(B97,Sheet2!A:A,Sheet2!B:B,"Missing",0),200) -> 36.530012 | D97: =IFERROR(_xlfn.XLOOKUP(B97,Sheet2!A:A,Sheet2!C:C,"Missing",0),200) -> 0 | E97: =IFERROR(_xlfn.XLOOKUP(B97,Sheet2!A:A,Sheet2!D:D,"Missing",0),200) -> 200 | F97: =IFERROR(_xlfn.XLOOKUP(C97,Sheet2!B:B,Sheet2!E:E,"Missing",0),200) -> 0
A98: college, college porn, college sex, college teens, hot college girls, college gangbang, college lesbians, college creampie, college amateur, college party porn, college blowjob, college xxx | B98: {=INDEX(_xlfn.TEXTSPLIT(A98,","),1)} -> college | C98: =IFERROR(_xlfn.XLOOKUP(B98,Sheet2!A:A,Sheet2!B:B,"Missing",0),200) -> 32.957 | D98: =IFERROR(_xlfn.XLOOKUP(B98,Sheet2!A:A,Sheet2!C:C,"Missing",0),200) -> 0 | E98: =IFERROR(_xlfn.XLOOKUP(B98,Sheet2!A:A,Sheet2!D:D,"Missing",0),200) -> 200 | F98: =IFERROR(_xlfn.XLOOKUP(C98,Sheet2!B:B,Sheet2!E:E,"Missing",0),200) -> 0
A99: elsa, elsa porn, frozen elsa porn, elsa cosplay, elsa hentai, elsa xxx, frozen parody, naked elsa, elsa blowjob, elsa nude hentai, elsa parody porn, elsa videos | B99: {=INDEX(_xlfn.TEXTSPLIT(A99,","),1)} -> elsa | C99: =IFERROR(_xlfn.XLOOKUP(B99,Sheet2!A:A,Sheet2!B:B,"Missing",0),200) -> 31.858186 | D99: =IFERROR(_xlfn.XLOOKUP(B99,Sheet2!A:A,Sheet2!C:C,"Missing",0),200) -> 0 | E99: =IFERROR(_xlfn.XLOOKUP(B99,Sheet2!A:A,Sheet2!D:D,"Missing",0),200) -> 200 | F99: =IFERROR(_xlfn.XLOOKUP(C99,Sheet2!B:B,Sheet2!E:E,"Missing",0),200) -> 0
A100: lactation, lactation porn, lactating milf, lactating tits, lactation fetish, lactating blowjob, lactation sex, lactation xxx, lactating compilation, lactating lesbian, lactating anal, milk porn | B100: {=INDEX(_xlfn.TEXTSPLIT(A100,","),1)} -> lactation | C100: =IFERROR(_xlfn.XLOOKUP(B100,Sheet2!A:A,Sheet2!B:B,"Missing",0),200) -> 22.044407 | D100: =IFERROR(_xlfn.XLOOKUP(B100,Sheet2!A:A,Sheet2!C:C,"Missing",0),200) -> 0 | E100: =IFERROR(_xlfn.XLOOKUP(B100,Sheet2!A:A,Sheet2!D:D,"Missing",0),200) -> 200 | F100: =IFERROR(_xlfn.XLOOKUP(C100,Sheet2!B:B,Sheet2!E:E,"Missing",0),200) -> 0
A101: russian, russian porn, russian teen, russian milf, russian blowjob, hot russian girl, russian anal, russian creampie, russian xxx, russian amateur, russian sex video, russian gangbang | B101: {=INDEX(_xlfn.TEXTSPLIT(A101,","),1)} -> russian | C101: =IFERROR(_xlfn.XLOOKUP(B101,Sheet2!A:A,Sheet2!B:B,"Missing",0),200) -> 21.702 | D101: =IFERROR(_xlfn.XLOOKUP(B101,Sheet2!A:A,Sheet2!C:C,"Missing",0),200) -> 0 | E101: =IFERROR(_xlfn.XLOOKUP(B101,Sheet2!A:A,Sheet2!D:D,"Missing",0),200) -> 200 | F101: =IFERROR(_xlfn.XLOOKUP(C101,Sheet2!B:B,Sheet2!E:E,"Missing",0),200) -> 0
A102: rimjob, rimjob porn, anal licking, ass licking, rimjob milf, rimjob xxx, rimjob porn videos, rimjob compilation, rimjob fetish, rimjob bdsm, rimjob lesbian, rimjob teen | B102: {=INDEX(_xlfn.TEXTSPLIT(A102,","),1)} -> rimjob | C102: =IFERROR(_xlfn.XLOOKUP(B102,Sheet2!A:A,Sheet2!B:B,"Missing",0),200) -> 21.552 | D102: =IFERROR(_xlfn.XLOOKUP(B102,Sheet2!A:A,Sheet2!C:C,"Missing",0),200) -> 0 | E102: =IFERROR(_xlfn.XLOOKUP(B102,Sheet2!A:A,Sheet2!D:D,"Missing",0),200) -> 200 | F102: =IFERROR(_xlfn.XLOOKUP(C102,Sheet2!B:B,Sheet2!E:E,"Missing",0),200) -> 0
A103: slime, slime porn, slime sex, slime hentai, slime fetish, slime milf, slime xxx, slime anime, slime blowjob, slime compilation, slime creampie, slime tentacle porn | B103: {=INDEX(_xlfn.TEXTSPLIT(A103,","),1)} -> slime | C103: =IFERROR(_xlfn.XLOOKUP(B103,Sheet2!A:A,Sheet2!B:B,"Missing",0),200) -> 20.411343 | D103: =IFERROR(_xlfn.XLOOKUP(B103,Sheet2!A:A,Sheet2!C:C,"Missing",0),200) -> 0 | E103: =IFERROR(_xlfn.XLOOKUP(B103,Sheet2!A:A,Sheet2!D:D,"Missing",0),200) -> 200 | F103: =IFERROR(_xlfn.XLOOKUP(C103,Sheet2!B:B,Sheet2!E:E,"Missing",0),200) -> 0
... A134: mannequin, mannequin porn, mannequin fetish, mannequin sex, mannequin milf, mannequin blowjob, mannequin xxx, mannequin video, mannequin cosplay, mannequin domination, mannequin creampie, mannequin strip | B134: {=INDEX(_xlfn.TEXTSPLIT(A134,","),1)} -> mannequin | C134: =IFERROR(_xlfn.XLOOKUP(B134,Sheet2!A:A,Sheet2!B:B,"Missing",0),200) -> 1.0658826 | D134: =IFERROR(_xlfn.XLOOKUP(B134,Sheet2!A:A,Sheet2!C:C,"Missing",0),200) -> 0 | E134: =IFERROR(_xlfn.XLOOKUP(B134,Sheet2!A:A,Sheet2!D:D,"Missing",0),200) -> 200 | F134: =IFERROR(_xlfn.XLOOKUP(C134,Sheet2!B:B,Sheet2!E:E,"Missing",0),200) -> 0
A135: overwatch, overwatch porn, overwatch hentai, overwatch xxx, tracer porn, mercy porn, overwatch parody, overwatch cosplay, tracer hentai, mercy hentai, overwatch sex, overwatch videos | B135: {=INDEX(_xlfn.TEXTSPLIT(A135,","),1)} -> overwatch | C135: =IFERROR(_xlfn.XLOOKUP(B135,Sheet2!A:A,Sheet2!B:B,"Missing",0),200) -> 0.99363927 | D135: =IFERROR(_xlfn.XLOOKUP(B135,Sheet2!A:A,Sheet2!C:C,"Missing",0),200) -> 0 | E135: =IFERROR(_xlfn.XLOOKUP(B135,Sheet2!A:A,Sheet2!D:D,"Missing",0),200) -> 200 | F135: All Platform
A136: zelda, zelda porn, zelda hentai, zelda xxx, naked zelda, zelda cosplay, zelda blowjob, zelda porn videos, link zelda sex, zelda parody porn, zelda hentai videos, zelda nude hentai | B136: {=INDEX(_xlfn.TEXTSPLIT(A136,","),1)} -> zelda | C136: =IFERROR(_xlfn.XLOOKUP(B136,Sheet2!A:A,Sheet2!B:B,"Missing",0),200) -> 0.88769928 | D136: =IFERROR(_xlfn.XLOOKUP(B136,Sheet2!A:A,Sheet2!C:C,"Missing",0),200) -> 0 | E136: =IFERROR(_xlfn.XLOOKUP(B136,Sheet2!A:A,Sheet2!D:D,"Missing",0),200) -> 200 | F136: All Platform
A137: trampling, trampling porn, trampling fetish, trampling milf, trampling xxx, trampling heels, trampling feet, trampling bdsm, trampling face, trampling video, trampling domination, trampling milf fetish | B137: {=INDEX(_xlfn.TEXTSPLIT(A137,","),1)} -> trampling | C137: =IFERROR(_xlfn.XLOOKUP(B137,Sheet2!A:A,Sheet2!B:B,"Missing",0),200) -> 0.67057584 | D137: =IFERROR(_xlfn.XLOOKUP(B137,Sheet2!A:A,Sheet2!C:C,"Missing",0),200) -> 0 | E137: =IFERROR(_xlfn.XLOOKUP(B137,Sheet2!A:A,Sheet2!D:D,"Missing",0),200) -> 200 | F137: =IFERROR(_xlfn.XLOOKUP(C137,Sheet2!B:B,Sheet2!E:E,"Missing",0),200) -> 0
A138: Vtuber, Vtuber sex, Vtuber fantasy, Vtuber encounter, Vtuber lovers, Vtuber relationship, Vtuber pleasure, Vtuber experience, Vtuber stream, Vtuber community, Vtuber fan, Vtuber content | B138: {=INDEX(_xlfn.TEXTSPLIT(A138,","),1)} -> Vtuber | C138: =IFERROR(_xlfn.XLOOKUP(B138,Sheet2!A:A,Sheet2!B:B,"Missing",0),200) -> 0.55054668 | D138: =IFERROR(_xlfn.XLOOKUP(B138,Sheet2!A:A,Sheet2!C:C,"Missing",0),200) -> 0 | E138: =IFERROR(_xlfn.XLOOKUP(B138,Sheet2!A:A,Sheet2!D:D,"Missing",0),200) -> 200 | F138: =IFERROR(_xlfn.XLOOKUP(C138,Sheet2!B:B,Sheet2!E:E,"Missing",0),200) -> 0
A139: Cowgirl, Cow girl, POV cowgirl, Cowgirl sex, Cowgirl fantasy, Cowgirl position, Cowgirl encounter, Cowgirl lovers, Cowgirl relationship, Cowgirl ride, Cowgirl style, Cowgirl pleasure | B139: {=INDEX(_xlfn.TEXTSPLIT(A139,","),1)} -> Cowgirl | C139: =IFERROR(_xlfn.XLOOKUP(B139,Sheet2!A:A,Sheet2!B:B,"Missing",0),200) -> 200.798 | D139: =IFERROR(_xlfn.XLOOKUP(B139,Sheet2!A:A,Sheet2!C:C,"Missing",0),200) -> 1 | E139: =IFERROR(_xlfn.XLOOKUP(B139,Sheet2!A:A,Sheet2!D:D,"Missing",0),200) -> 200.798 | F139: =IFERROR(_xlfn.XLOOKUP(C139,Sheet2!B:B,Sheet2!E:E,"Missing",0),200) -> 0
A140: ebony, ebony porn, ebony sex, hot ebony, ebony bbw, ebony milf, ebony dildo, ebony xxx, ebony blowjob, ebony big tits, ebony teen, ebony amateur, ebony anal | B140: {=INDEX(_xlfn.TEXTSPLIT(A140,","),1)} -> ebony | C140: =IFERROR(_xlfn.XLOOKUP(B140,Sheet2!A:A,Sheet2!B:B,"Missing",0),200) -> 226.516 | D140: =IFERROR(_xlfn.XLOOKUP(B140,Sheet2!A:A,Sheet2!C:C,"Missing",0),200) -> 1 | E140: =IFERROR(_xlfn.XLOOKUP(B140,Sheet2!A:A,Sheet2!D:D,"Missing",0),200) -> 226.516 | F140: =IFERROR(_xlfn.XLOOKUP(C140,Sheet2!B:B,Sheet2!E:E,"Missing",0),200) -> 0
A141: Free use, Free use sex, Free use fantasy, Free use encounter, Free use lovers, Free use relationship, Free use pleasure, Free use experience, Free use content, Free use platform, Free use access, Free use membership | B141: {=INDEX(_xlfn.TEXTSPLIT(A141,","),1)} -> Free use | C141: =IFERROR(_xlfn.XLOOKUP(B141,Sheet2!A:A,Sheet2!B:B,"Missing",0),200) -> Missing | D141: =IFERROR(_xlfn.XLOOKUP(B141,Sheet2!A:A,Sheet2!C:C,"Missing",0),200) -> Missing | E141: =IFERROR(_xlfn.XLOOKUP(B141,Sheet2!A:A,Sheet2!D:D,"Missing",0),200) -> Missing | F141: =IFERROR(_xlfn.XLOOKUP(C141,Sheet2!B:B,Sheet2!E:E,"Missing",0),200) -> Missing
A142: Furry, Furry sex, Furry fantasy, Furry encounter, Furry lovers, Furry relationship, Furry pleasure, Furry experience, Furry character, Furry community, Furry fan, Furry content | B142: {=INDEX(_xlfn.TEXTSPLIT(A142,","),1)} -> Furry | C142: =IFERROR(_xlfn.XLOOKUP(B142,Sheet2!A:A,Sheet2!B:B,"Missing",0),200) -> Missing | D142: =IFERROR(_xlfn.XLOOKUP(B142,Sheet2!A:A,Sheet2!C:C,"Missing",0),200) -> Missing | E142: =IFERROR(_xlfn.XLOOKUP(B142,Sheet2!A:A,Sheet2!D:D,"Missing",0),200) -> Missing | F142: All Platform
A143: hentai, hentai porn, free hentai, hentai sex, uncensored hentai, xxx hentai, hentai video, hentai streaming, hentai animation, 3d hentai, japanese hentai, cartoon hentai | B143: {=INDEX(_xlfn.TEXTSPLIT(A143,","),1)} -> hentai | C143: =IFERROR(_xlfn.XLOOKUP(B143,Sheet2!A:A,Sheet2!B:B,"Missing",0),200) -> Missing | D143: =IFERROR(_xlfn.XLOOKUP(B143,Sheet2!A:A,Sheet2!C:C,"Missing",0),200) -> Missing | E143: =IFERROR(_xlfn.XLOOKUP(B143,Sheet2!A:A,Sheet2!D:D,"Missing",0),200) -> Missing | F143: =IFERROR(_xlfn.XLOOKUP(C143,Sheet2!B:B,Sheet2!E:E,"Missing",0),200) -> Missing
A144: anal, anal porn, anal sex, anal video, hardcore anal, teen anal, anal creampie, anal xxx, rough anal, anal gf, first anal, anal clips | B144: {=INDEX(_xlfn.TEXTSPLIT(A144,","),1)} -> anal | C144: =IFERROR(_xlfn.XLOOKUP(B144,Sheet2!A:A,Sheet2!B:B,"Missing",0),200) -> Missing | D144: =IFERROR(_xlfn.XLOOKUP(B144,Sheet2!A:A,Sheet2!C:C,"Missing",0),200) -> Missing | E144: =IFERROR(_xlfn.XLOOKUP(B144,Sheet2!A:A,Sheet2!D:D,"Missing",0),200) -> Missing | F144: =IFERROR(_xlfn.XLOOKUP(C144,Sheet2!B:B,Sheet2!E:E,"Missing",0),200) -> Missing
A145: big ass, big ass porn, sexy ass, latina big ass, huge ass, big booty, big butt, phat ass, round ass, ass worship, ass sex, juicy ass | B145: {=INDEX(_xlfn.TEXTSPLIT(A145,","),1)} -> big ass | C145: =IFERROR(_xlfn.XLOOKUP(B145,Sheet2!A:A,Sheet2!B:B,"Missing",0),200) -> Missing | D145: =IFERROR(_xlfn.XLOOKUP(B145,Sheet2!A:A,Sheet2!C:C,"Missing",0),200) -> Missing | E145: =IFERROR(_xlfn.XLOOKUP(B145,Sheet2!A:A,Sheet2!D:D,"Missing",0),200) -> Missing | F145: =IFERROR(_xlfn.XLOOKUP(C145,Sheet2!B:B,Sheet2!E:E,"Missing",0),200) -> Missing
A146: anime, anime porn, anime xxx, anime sex, anime girl porn, anime hardcore, anime blowjob, anime cosplay sex, anime hentai, anime 3d, cartoon sex anime, naughty anime | B146: {=INDEX(_xlfn.TEXTSPLIT(A146,","),1)} -> anime | C146: =IFERROR(_xlfn.XLOOKUP(B146,Sheet2!A:A,Sheet2!B:B,"Missing",0),200) -> Missing | D146: =IFERROR(_xlfn.XLOOKUP(B146,Sheet2!A:A,Sheet2!C:C,"Missing",0),200) -> Missing | E146: =IFERROR(_xlfn.XLOOKUP(B146,Sheet2!A:A,Sheet2!D:D,"Missing",0),200) -> Missing | F146: =IFERROR(_xlfn.XLOOKUP(C146,Sheet2!B:B,Sheet2!E:E,"Missing",0),200) -> Missing
A147: latina, latina porn, sexy latina, hot latina, latina girls, big ass latina, latina milf, latina teen, latina xxx, latina video, latina blowjob, latina anal | B147: {=INDEX(_xlfn.TEXTSPLIT(A147,","),1)} -> latina | C147: =IFERROR(_xlfn.XLOOKUP(B147,Sheet2!A:A,Sheet2!B:B,"Missing",0),200) -> Missing | D147: =IFERROR(_xlfn.XLOOKUP(B147,Sheet2!A:A,Sheet2!C:C,"Missing",0),200) -> Missing | E147: =IFERROR(_xlfn.XLOOKUP(B147,Sheet2!A:A,Sheet2!D:D,"Missing",0),200) -> Missing | F147: =IFERROR(_xlfn.XLOOKUP(C147,Sheet2!B:B,Sheet2!E:E,"Missing",0),200) -> Missing
A148: animation, animation porn, porn animation, animated xxx, hentai animation, animation sex, animation blowjob, cartoon animation porn, 3d animation porn, animation xxx movie, sexy animation, animation videos | B148: {=INDEX(_xlfn.TEXTSPLIT(A148,","),1)} -> animation | C148: =IFERROR(_xlfn.XLOOKUP(B148,Sheet2!A:A,Sheet2!B:B,"Missing",0),200) -> Missing | D148: =IFERROR(_xlfn.XLOOKUP(B148,Sheet2!A:A,Sheet2!C:C,"Missing",0),200) -> Missing | E148: =IFERROR(_xlfn.XLOOKUP(B148,Sheet2!A:A,Sheet2!D:D,"Missing",0),200) -> Missing | F148: =IFERROR(_xlfn.XLOOKUP(C148,Sheet2!B:B,Sheet2!E:E,"Missing",0),200) -> Missing
A149: big tits, big tits porn, busty porn, big breasts, sexy boobs, milf big tits, huge tits, natural tits, big boobs xxx, big tits video, teen big tits, bbw big tits | B149: {=INDEX(_xlfn.TEXTSPLIT(A149,","),1)} -> big tits | C149: =IFERROR(_xlfn.XLOOKUP(B149,Sheet2!A:A,Sheet2!B:B,"Missing",0),200) -> Missing | D149: =IFERROR(_xlfn.XLOOKUP(B149,Sheet2!A:A,Sheet2!C:C,"Missing",0),200) -> Missing | E149: =IFERROR(_xlfn.XLOOKUP(B149,Sheet2!A:A,Sheet2!D:D,"Missing",0),200) -> Missing | F149: =IFERROR(_xlfn.XLOOKUP(C149,Sheet2!B:B,Sheet2!E:E,"Missing",0),200) -> Missing
A150: blowjob, blowjob porn, blowjob compilation, blowjob sex, blowjob videos, blowjob queen, blowjob xxx, deepthroat, blowjob pov, blowjob cumshot, teen blowjob, amateur blowjob | B150: {=INDEX(_xlfn.TEXTSPLIT(A150,","),1)} -> blowjob | C150: =IFERROR(_xlfn.XLOOKUP(B150,Sheet2!A:A,Sheet2!B:B,"Missing",0),200) -> Missing | D150: =IFERROR(_xlfn.XLOOKUP(B150,Sheet2!A:A,Sheet2!C:C,"Missing",0),200) -> Missing | E150: =IFERROR(_xlfn.XLOOKUP(B150,Sheet2!A:A,Sheet2!D:D,"Missing",0),200) -> Missing | F150: =IFERROR(_xlfn.XLOOKUP(C150,Sheet2!B:B,Sheet2!E:E,"Missing",0),200) -> Missing
A151: 3d, 3d porn, 3d hentai, 3d animation, 3d xxx, 3d sex animation, 3d cartoon porn, virtual 3d porn, 3d hentai animation, 3d porn video, 3d fantasy porn, 3d hentai sex | B151: {=INDEX(_xlfn.TEXTSPLIT(A151,","),1)} -> 3d | C151: =IFERROR(_xlfn.XLOOKUP(B151,Sheet2!A:A,Sheet2!B:B,"Missing",0),200) -> Missing | D151: =IFERROR(_xlfn.XLOOKUP(B151,Sheet2!A:A,Sheet2!C:C,"Missing",0),200) -> Missing | E151: =IFERROR(_xlfn.XLOOKUP(B151,Sheet2!A:A,Sheet2!D:D,"Missing",0),200) -> Missing | F151: =IFERROR(_xlfn.XLOOKUP(C151,Sheet2!B:B,Sheet2!E:E,"Missing",0),200) -> Missing
A152: real amateur, amateur porn, amateur sex, real amateur sex, amateur couple, homemade porn, amateur wife, amateur blowjob, amateur teen, amateur xxx, real amateur video, amateur strip | B152: {=INDEX(_xlfn.TEXTSPLIT(A152,","),1)} -> real amateur | C152: =IFERROR(_xlfn.XLOOKUP(B152,Sheet2!A:A,Sheet2!B:B,"Missing",0),200) -> Missing | D152: =IFERROR(_xlfn.XLOOKUP(B152,Sheet2!A:A,Sheet2!C:C,"Missing",0),200) -> Missing | E152: =IFERROR(_xlfn.XLOOKUP(B152,Sheet2!A:A,Sheet2!D:D,"Missing",0),200) -> Missing | F152: =IFERROR(_xlfn.XLOOKUP(C152,Sheet2!B:B,Sheet2!E:E,"Missing",0),200) -> Missing
A153: cartoon, cartoon porn, cartoon sex, cartoon xxx, cartoon hentai, cartoon blowjob, cartoon anal, cartoon creampie, funny cartoon porn, cartoon hentai sex, cartoon videos, cartoon threesome | B153: {=INDEX(_xlfn.TEXTSPLIT(A153,","),1)} -> cartoon | C153: =IFERROR(_xlfn.XLOOKUP(B153,Sheet2!A:A,Sheet2!B:B,"Missing",0),200) -> Missing | D153: =IFERROR(_xlfn.XLOOKUP(B153,Sheet2!A:A,Sheet2!C:C,"Missing",0),200) -> Missing | E153: =IFERROR(_xlfn.XLOOKUP(B153,Sheet2!A:A,Sheet2!D:D,"Missing",0),200) -> Missing | F153: =IFERROR(_xlfn.XLOOKUP(C153,Sheet2!B:B,Sheet2!E:E,"Missing",0),200) -> Missing
A154: latina milf, latina milf porn, hot latina milf, sexy latina milf, latina milf xxx, latina milf blowjob, latina milf anal, latina milf big tits, latina milf creampie, latina milf video, busty latina milf, latina milf amateur | B154: {=INDEX(_xlfn.TEXTSPLIT(A154,","),1)} -> latina milf | C154: =IFERROR(_xlfn.XLOOKUP(B154,Sheet2!A:A,Sheet2!B:B,"Missing",0),200) -> Missing | D154: =IFERROR(_xlfn.XLOOKUP(B154,Sheet2!A:A,Sheet2!C:C,"Missing",0),200) -> Missing | E154: =IFERROR(_xlfn.XLOOKUP(B154,Sheet2!A:A,Sheet2!D:D,"Missing",0),200) -> Missing | F154: =IFERROR(_xlfn.XLOOKUP(C154,Sheet2!B:B,Sheet2!E:E,"Missing",0),200) -> Missing
... A156: orgasm, orgasm porn, orgasm compilation, pussy orgasm, vibrator orgasm, multiple orgasm, orgasm xxx, orgasm milf, orgasm teen, intense orgasm, orgasm squirting, orgasm videos | B156: {=INDEX(_xlfn.TEXTSPLIT(A156,","),1)} -> orgasm | C156: =IFERROR(_xlfn.XLOOKUP(B156,Sheet2!A:A,Sheet2!B:B,"Missing",0),200) -> Missing | D156: =IFERROR(_xlfn.XLOOKUP(B156,Sheet2!A:A,Sheet2!C:C,"Missing",0),200) -> Missing | E156: =IFERROR(_xlfn.XLOOKUP(B156,Sheet2!A:A,Sheet2!D:D,"Missing",0),200) -> Missing | F156: =IFERROR(_xlfn.XLOOKUP(C156,Sheet2!B:B,Sheet2!E:E,"Missing",0),200) -> Missing
A157: tentacle, tentacle porn, tentacle hentai, tentacle sex, tentacle xxx, anime tentacle, hentai tentacle, tentacle milf, tentacle bdsm, tentacle ass, tentacle videos, tentacle fantasy | B157: {=INDEX(_xlfn.TEXTSPLIT(A157,","),1)} -> tentacle | C157: =IFERROR(_xlfn.XLOOKUP(B157,Sheet2!A:A,Sheet2!B:B,"Missing",0),200) -> Missing | D157: =IFERROR(_xlfn.XLOOKUP(B157,Sheet2!A:A,Sheet2!C:C,"Missing",0),200) -> Missing | E157: =IFERROR(_xlfn.XLOOKUP(B157,Sheet2!A:A,Sheet2!D:D,"Missing",0),200) -> Missing | F157: All Platform
A158: mom-son, mom son porn, milf and son, mature mom son, taboo mom son, mom son blowjob, mom son sex, mom son anal, mom son creampie, mom son xxx, stepmom son sex, incest stepmom son | B158: {=INDEX(_xlfn.TEXTSPLIT(A158,","),1)} -> mom-son | C158: =IFERROR(_xlfn.XLOOKUP(B158,Sheet2!A:A,Sheet2!B:B,"Missing",0),200) -> Missing | D158: =IFERROR(_xlfn.XLOOKUP(B158,Sheet2!A:A,Sheet2!C:C,"Missing",0),200) -> Missing | E158: =IFERROR(_xlfn.XLOOKUP(B158,Sheet2!A:A,Sheet2!D:D,"Missing",0),200) -> Missing | F158: =IFERROR(_xlfn.XLOOKUP(C158,Sheet2!B:B,Sheet2!E:E,"Missing",0),200) -> Missing
A159: dad-daughter, dad daughter porn, father daughter sex, taboo dad daughter, stepdad daughter porn, dad daughter blowjob, dad daughter anal, dad daughter xxx, dad daughter creampie, dad daughter fetish, incest dad daughter, sugar daddy daughter | B159: {=INDEX(_xlfn.TEXTSPLIT(A159,","),1)} -> dad-daughter | C159: =IFERROR(_xlfn.XLOOKUP(B159,Sheet2!A:A,Sheet2!B:B,"Missing",0),200) -> Missing | D159: =IFERROR(_xlfn.XLOOKUP(B159,Sheet2!A:A,Sheet2!C:C,"Missing",0),200) -> Missing | E159: =IFERROR(_xlfn.XLOOKUP(B159,Sheet2!A:A,Sheet2!D:D,"Missing",0),200) -> Missing | F159: =IFERROR(_xlfn.XLOOKUP(C159,Sheet2!B:B,Sheet2!E:E,"Missing",0),200) -> Missing
A160: incest, incest porn, taboo incest, incest sex, incest creampie, incest milf, incest anal, incest blowjob, incest xxx, incest compilation, incest family, incest fetish | B160: {=INDEX(_xlfn.TEXTSPLIT(A160,","),1)} -> incest | C160: =IFERROR(_xlfn.XLOOKUP(B160,Sheet2!A:A,Sheet2!B:B,"Missing",0),200) -> Missing | D160: =IFERROR(_xlfn.XLOOKUP(B160,Sheet2!A:A,Sheet2!C:C,"Missing",0),200) -> Missing | E160: =IFERROR(_xlfn.XLOOKUP(B160,Sheet2!A:A,Sheet2!D:D,"Missing",0),200) -> Missing | F160: =IFERROR(_xlfn.XLOOKUP(C160,Sheet2!B:B,Sheet2!E:E,"Missing",0),200) -> Missing
A161: asphyxiation, breath play, breath control porn, erotic asphyxiation, asphyxiation fetish, breath play milf, asphyxiation xxx, breath control bdsm, breath play video, choking porn, choking fetish, air play porn | B161: {=INDEX(_xlfn.TEXTSPLIT(A161,","),1)} -> asphyxiation | C161: =IFERROR(_xlfn.XLOOKUP(B161,Sheet2!A:A,Sheet2!B:B,"Missing",0),200) -> Missing | D161: =IFERROR(_xlfn.XLOOKUP(B161,Sheet2!A:A,Sheet2!C:C,"Missing",0),200) -> Missing | E161: =IFERROR(_xlfn.XLOOKUP(B161,Sheet2!A:A,Sheet2!D:D,"Missing",0),200) -> Missing | F161: =IFERROR(_xlfn.XLOOKUP(C161,Sheet2!B:B,Sheet2!E:E,"Missing",0),200) -> Missing
A162: choking, choking porn, choking blowjob, choking fetish, choking bdsm, choking deepthroat, choking milf, choking xxx, choking compilation, choking anal, choking rough, breath play | B162: {=INDEX(_xlfn.TEXTSPLIT(A162,","),1)} -> choking | C162: =IFERROR(_xlfn.XLOOKUP(B162,Sheet2!A:A,Sheet2!B:B,"Missing",0),200) -> Missing | D162: =IFERROR(_xlfn.XLOOKUP(B162,Sheet2!A:A,Sheet2!C:C,"Missing",0),200) -> Missing | E162: =IFERROR(_xlfn.XLOOKUP(B162,Sheet2!A:A,Sheet2!D:D,"Missing",0),200) -> Missing | F162: =IFERROR(_xlfn.XLOOKUP(C162,Sheet2!B:B,Sheet2!E:E,"Missing",0),200) -> Missing
A163: ass worship, ass worship porn, ass worship milf, ass worship lesbian, ass worship videos, ass worship xxx, ass worship compilation, ass worship anal, ass worship bdsm, ass worship fetish, ass worship amateurs, bbw ass worship | B163: {=INDEX(_xlfn.TEXTSPLIT(A163,","),1)} -> ass worship | C163: =IFERROR(_xlfn.XLOOKUP(B163,Sheet2!A:A,Sheet2!B:B,"Missing",0),200) -> Missing | D163: =IFERROR(_xlfn.XLOOKUP(B163,Sheet2!A:A,Sheet2!C:C,"Missing",0),200) -> Missing | E163: =IFERROR(_xlfn.XLOOKUP(B163,Sheet2!A:A,Sheet2!D:D,"Missing",0),200) -> Missing | F163: =IFERROR(_xlfn.XLOOKUP(C163,Sheet2!B:B,Sheet2!E:E,"Missing",0),200) -> Missing
A164: wetlook, wetlook porn, wetlook fetish, wetlook XXX, wetlook sex, wetlook milf, wet clothes porn, women in wetlook, wetlook blowjob, wetlook anal, wetlook strip, sexy wetlook | B164: {=INDEX(_xlfn.TEXTSPLIT(A164,","),1)} -> wetlook | C164: =IFERROR(_xlfn.XLOOKUP(B164,Sheet2!A:A,Sheet2!B:B,"Missing",0),200) -> Missing | D164: =IFERROR(_xlfn.XLOOKUP(B164,Sheet2!A:A,Sheet2!C:C,"Missing",0),200) -> Missing | E164: =IFERROR(_xlfn.XLOOKUP(B164,Sheet2!A:A,Sheet2!D:D,"Missing",0),200) -> Missing | F164: =IFERROR(_xlfn.XLOOKUP(C164,Sheet2!B:B,Sheet2!E:E,"Missing",0),200) -> Missing
...

Sheet Keywords to launch
A1: keyword | B1: One Word
A2: stripper; stripper porn; stripper blowjob; stripper sex; stripper xxx; stripper amateur; hot stripper; busty stripper; stripper videos; teen stripper; stripper dancing; stripper anal | B2: stripper
A3: maid; maid porn; sexy maid; hot maid; french maid porn; maid blowjob; maid xxx; maid anal; maid milf; maid videos; naughty maid; asian maid | B3: maid
A4: femdom; femdom porn; femdom domination; femdom mistress; femdom milf; femdom slave; femdom fetish; femdom ass worship; femdom xxx; femdom pegging; femdom handjob; femdom cum | B4: femdom
A5: ahegao; ahegao porn; ahegao face; hentai ahegao; anime ahegao; cum ahegao; ahegao compilation; ahegao xxx; asian ahegao; ahegao teen; cosplay ahegao; big tits ahegao | B5: ahegao
A6: pregnant; pregnant porn; pregnant milf; pregnant teen; pregnant sex; pregnant creampie; pregnant blowjob; pregnant fetish; pregnant xxx; pregnant lesbian; pregnant anal; pregnant compilation | B6: pregnant
A7: goth; goth porn; goth girl; hot goth; goth blowjob; goth sex; goth amateur; goth anal; goth milf; goth xxx; goth cumshot; emo porn | B7: goth
A8: latex; latex porn; latex fetish; sexy latex; latex bdsm; latex xxx; latex mistress; latex milf; latex gloves fetish; latex anal; latex blowjob; latex videos | B8: latex
A9: feet; foot fetish; feet porn; sexy feet; feet worship; footjob; feet licking; feet xxx; feet cumshot; feet tease; feet milf; feet pics | B9: feet
A10: public; public porn; public sex; in public; public blowjob; public xxx; public fap; public fetish; public creampie; public amateur; public flashing; outdoor sex | B10: public
A11: orgy; orgy porn; orgy sex; group sex; amateur orgy; teen orgy; milf orgy; interracial orgy; lesbian orgy; orgy xxx; sex party porn; hardcore orgy | B11: orgy
A12: straight; straight porn; straight sex; straight couple sex; straight amateur; straight videos; straight blowjob; straight xxx; straight anal; straight creampie; straight fuck; straight teens | B12: straight
... A33: mature; mature porn; mature milf; mature woman; sexy mature; mature anal; mature creampie; mature big tits; mature xxx; mature blowjob; mature threesome; mature amateur | B33: mature
A34: clown; clown porn; clown sex; clown xxx; clown blowjob; clown milf; clown fetish; clown roleplay; clown compilation; clown anal; clown lingerie porn; clown gangbang | B34: clown | D34: STOP JERE
A35: stepmom; stepmom porn; hot stepmom; stepmom sex; mature stepmom; big tits stepmom; naughty stepmom; sexy stepmom; stepmom blowjob; stepmom videos; milf stepmom; stepmom anal | B35: stepmom
A36: club; club porn; sex club; swinger club; club sex video; club gangbang; night club porn; club orgy; club xxx; club fuck; club amateur; club teens | B36: club
A37: witch; witch porn; witch milf; witch sex; witch xxx; sexy witch; hentai witch; witch fetish; witch blowjob; witch strip; halloween witch porn; demon witch sex | B37: witch
A38: spanish; spanish porn; spanish sex; spanish milf; spanish teen; spanish anal; spanish blowjob; spanish videos; hot spanish girl; spanish xxx; spanish amateur; spanish creampie | B38: spanish
A39: triple; triple penetration porn; triple xxx; triple sex; triple milf; triple fetish; triple anal; double anal triple; triple creampie; triple blowjob; hardcore triple; triple gangbang | B39: triple
A40: milking; milking porn; cock milking; milking fetish; milking machine; milking xxx; milking blowjob; milking domination; prostate milking; milking creampie; milking video; milking orgasm | B40: milking
A41: machine; sex machine porn; fucking machine; machine penetration; machine xxx; machine blowjob; machine anal; machine milf; machine dildo; sex machine milfs; extreme machine; bondage machine | B41: machine
A42: master; master porn; master domination; bdsm master; master xxx; master milf; master fetish; sex master; master blowjob; master anal; master roleplay; master video | B42: master
A43: toilet; toilet porn; toilet fetish; toilet xxx; toilet milf; toilet domination; toilet anal; toilet blowjob; using toilet fetish; toilet roleplay; extreme toilet play; toilet cam | B43: toilet
A44: trans; trans porn; shemale porn; shemale sex; sexy trans girl; trans cam; trans video; trans fetish; trans blowjob; shemale anal; trans big tits; shemale cock | B44: trans
A45: rope; rope porn; rope bondage; rope milf; rope xxx; rope sex; rope blowjob; japanese rope; rope fetish; rope slave; rope milf sex; rope amateur | B45: rope
A46: dental; dental porn; dentist fetish; dental xxx; dental sex; dental blowjob; dentist milf; dental compilation; dental tools fetish; patient dentist porn; dental anal; dental videos | B46: dental
... A245: ai hentai; ai hentai porn; ai generated hentai; ai hentai xxx; ai doujin; ai hentai pics; ai hentai videos; ai anime hentai; ai waifu porn; ai anime girl porn; ai hentai gif; ai anime xxx | B245: ai hentai

Sheet Sheet3
A1: General | C1: Creative ID | E1: Trans | G1: Creative ID | I1: Gay | J1: Video names | K1: Creative ID
A2: Vid ID | B2: Vid Name | E2: Vid ID | F2: Vid Name | I2: Vid ID | J2: Vid Name
A3: 6673274 | B3: AIPORNISHERE_MISSIONARY_converted | C3: 1032467881 | E3: 6673272 | F3: AIPORNISHERE_TRANSINTENSE_converted | G3: 1032467951 | I3: 6577040 | J3: AI PORN IS HERE V2 Gay2 | K3: 1032473171
A4: 6696906 | B4: ANIMETV_vBF | C4: 1032539081 | E4: 6696906 | F4: ANIMETV_vBF | G4: 1032539081 | I4: 6696902 | J4: TALKINGAD_GAY-vBF | K4: 1032539091
A5: 6696904 | B5: TALKINGAD_GENERAL_vBF | C5: 1032539101 | E5: 6696904 | F5: TALKINGAD_GENERAL_vBF | G5: 1032539101
A6: 6696900 | B6: WALKINGSELFIE_GENERAL_vBF | C6: 1032539111 | E6: 6696900 | F6: WALKINGSELFIE_GENERAL_vBF | G6: 1032539111
A11: Top TJ ads
B12: AIPORNISHERE_INDIAN | C12: 1032166452 | F12: AIPORNISHERE_INDIAN | G12: 1032166452 | J12: AIPORNISHERE_INDIAN | K12: 1032166452
B13: New Porn Vid | C13: 1031965702 | F13: New Porn Vid | G13: 1031965702 | J13: New Porn Vid | K13: 1031965702
B14: AIPORNISHERE_GOTH | C14: 1032166482 | F14: AIPORNISHERE_GOTH | G14: 1032166482 | J14: AIPORNISHERE_GOTH | K14: 1032166482
